-- phpMyAdmin SQL Dump
-- version 4.9.1
-- https://www.phpmyadmin.net/
--
-- Servidor: localhost
-- Tiempo de generación: 01-03-2024 a las 05:41:39
-- Versión del servidor: 8.0.17
-- Versión de PHP: 7.3.10

SET SQL_MODE = "NO_AUTO_VALUE_ON_ZERO";
SET AUTOCOMMIT = 0;
START TRANSACTION;
SET time_zone = "+00:00";


/*!40101 SET @OLD_CHARACTER_SET_CLIENT=@@CHARACTER_SET_CLIENT */;
/*!40101 SET @OLD_CHARACTER_SET_RESULTS=@@CHARACTER_SET_RESULTS */;
/*!40101 SET @OLD_COLLATION_CONNECTION=@@COLLATION_CONNECTION */;
/*!40101 SET NAMES utf8mb4 */;

--
-- Base de datos: `proyecto_14768`
--

-- --------------------------------------------------------

--
-- Estructura de tabla para la tabla `aulas`
--

CREATE TABLE `aulas` (
  `id_aula` varchar(30) NOT NULL,
  `capacidad` int(11) NOT NULL,
  `bloque` varchar(10) NOT NULL,
  `observacion` varchar(300) DEFAULT NULL
) ENGINE=InnoDB DEFAULT CHARSET=utf8;

--
-- Volcado de datos para la tabla `aulas`
--

INSERT INTO `aulas` (`id_aula`, `capacidad`, `bloque`, `observacion`) VALUES
('G201', 25, 'G', NULL),
('G202', 25, 'G', NULL),
('G203', 25, 'G', NULL),
('G204', 25, 'G', NULL),
('G205', 25, 'G', NULL),
('G206', 25, 'G', NULL),
('G301', 25, 'G', NULL),
('G302', 25, 'G', NULL),
('G303', 25, 'G', NULL),
('G304', 25, 'G', NULL),
('G305', 25, 'G', NULL),
('G306', 25, 'G', NULL),
('G401', 25, 'G', NULL),
('G402', 25, 'G', NULL),
('G403', 25, 'G', NULL),
('G404', 25, 'G', NULL),
('G405', 25, 'G', NULL),
('G406', 25, 'G', NULL),
('H201', 25, 'H', NULL),
('H202', 25, 'H', NULL),
('H203', 25, 'H', NULL),
('H204', 25, 'H', NULL),
('H205', 25, 'H', NULL),
('H206', 25, 'H', NULL),
('H301', 25, 'H', NULL),
('H302', 25, 'H', NULL),
('H303', 25, 'H', NULL),
('H304', 25, 'H', NULL),
('H305', 25, 'H', NULL),
('H306', 25, 'H', NULL),
('H401', 25, 'H', NULL),
('H402', 25, 'H', NULL),
('H403', 25, 'H', NULL),
('H404', 25, 'H', NULL),
('H405', 25, 'H', NULL),
('H406', 25, 'H', NULL);

-- --------------------------------------------------------

--
-- Estructura de tabla para la tabla `carreras`
--

CREATE TABLE `carreras` (
  `id_carrera` int(11) NOT NULL,
  `nombre_carrera` varchar(100) NOT NULL
) ENGINE=InnoDB DEFAULT CHARSET=utf8;

--
-- Volcado de datos para la tabla `carreras`
--

INSERT INTO `carreras` (`id_carrera`, `nombre_carrera`) VALUES
(1, 'SOFTWARE'),
(4, 'TICS');

-- --------------------------------------------------------

--
-- Estructura de tabla para la tabla `carreras_cursos`
--

CREATE TABLE `carreras_cursos` (
  `id_carrera_curso` int(11) NOT NULL,
  `id_carrera` int(11) NOT NULL,
  `id_curso` int(11) NOT NULL
) ENGINE=InnoDB DEFAULT CHARSET=utf8;

-- --------------------------------------------------------

--
-- Estructura de tabla para la tabla `cursos`
--

CREATE TABLE `cursos` (
  `id_curso` int(11) NOT NULL,
  `nrc` int(11) NOT NULL,
  `periodos_id_periodo` int(11) NOT NULL,
  `cod_materia` varchar(20) NOT NULL,
  `horarios_id_horario` int(11) NOT NULL,
  `id_aula` varchar(30) NOT NULL,
  `id_docente` varchar(45) DEFAULT NULL
) ENGINE=InnoDB DEFAULT CHARSET=utf8;

-- --------------------------------------------------------

--
-- Estructura de tabla para la tabla `docentes`
--

CREATE TABLE `docentes` (
  `id_docente` varchar(45) NOT NULL,
  `nombres` varchar(45) NOT NULL,
  `apellidos` varchar(45) NOT NULL,
  `horas_disponibles` int(5) NOT NULL,
  `tipo_contrato` varchar(45) NOT NULL,
  `correo` varchar(100) NOT NULL,
  `nivel_educacion` varchar(100) NOT NULL,
  `especializacion` varchar(100) NOT NULL,
  `celular` varchar(20) NOT NULL,
  `cedula` varchar(20) NOT NULL,
  `estado` int(5) NOT NULL DEFAULT '1'
) ENGINE=InnoDB DEFAULT CHARSET=utf8;

--
-- Volcado de datos para la tabla `docentes`
--

INSERT INTO `docentes` (`id_docente`, `nombres`, `apellidos`, `horas_disponibles`, `tipo_contrato`, `correo`, `nivel_educacion`, `especializacion`, `celular`, `cedula`, `estado`) VALUES
('L00111111', 'STEPHEN DAVID', 'DROUET NAVARRETE', 16, 'Completo', 'sddrouet@espe.edu.ec', 'SUPERIOR', 'SISTEMAS', '0991749760', '0826951928', 1),
('L00181070', 'CARLOS DAVID', 'SARMIENTO REYES', 10, 'COMPLETO', 'cdsarmiendo@espe.edu.ec', 'SUPERIOR', 'MECATRÓNICA', '0992858746', '1726951971', 1),
('L00181079', 'MARÍA DIANA', 'CASAS PAREDES', 16, 'Parcial', 'mdcasas@espe.edu.ec', 'DOCTORADO', 'MASTER DATOS', '0961878168', '1850894164', 1),
('L00334455', 'MARTA ANA', 'CALLE CASAS', 12, 'COMPLETO', 'macalle@espe.edu.ec', 'SUPERIOR', 'VIDEOJUEGOS', '0991546820', '0249159716', 0);

-- --------------------------------------------------------

--
-- Estructura de tabla para la tabla `horarios`
--

CREATE TABLE `horarios` (
  `id_horario` int(11) NOT NULL,
  `dia` varchar(45) NOT NULL,
  `hora_inicio` time NOT NULL,
  `hora_fin` time NOT NULL
) ENGINE=InnoDB DEFAULT CHARSET=utf8;

--
-- Volcado de datos para la tabla `horarios`
--

INSERT INTO `horarios` (`id_horario`, `dia`, `hora_inicio`, `hora_fin`) VALUES
(9, 'LUNES', '07:01:00', '08:59:00'),
(10, 'LUNES', '09:01:00', '10:59:00'),
(11, 'LUNES', '11:01:00', '12:59:00'),
(12, 'LUNES', '13:31:00', '15:29:00'),
(13, 'LUNES', '15:31:00', '17:29:00'),
(14, 'LUNES', '17:31:00', '19:29:00'),
(15, 'LUNES', '19:31:00', '21:29:00'),
(16, 'MARTES', '07:01:00', '08:59:00'),
(17, 'MARTES', '09:01:00', '10:59:00'),
(18, 'MARTES', '11:01:00', '12:59:00'),
(19, 'MARTES', '13:31:00', '15:29:00'),
(20, 'MARTES', '15:31:00', '17:29:00'),
(21, 'MARTES', '17:31:00', '19:29:00'),
(22, 'MARTES', '19:31:00', '21:29:00'),
(23, 'MIERCOLES', '07:01:00', '08:59:00'),
(24, 'MIERCOLES', '09:01:00', '10:59:00'),
(25, 'MIERCOLES', '11:01:00', '12:59:00'),
(26, 'MIERCOLES', '13:31:00', '15:29:00'),
(27, 'MIERCOLES', '15:31:00', '17:29:00'),
(28, 'MIERCOLES', '17:31:00', '19:29:00'),
(29, 'MIERCOLES', '19:31:00', '21:29:00'),
(30, 'JUEVES', '07:01:00', '08:59:00'),
(31, 'JUEVES', '09:01:00', '10:59:00'),
(32, 'JUEVES', '11:01:00', '12:59:00'),
(33, 'JUEVES', '13:31:00', '15:29:00'),
(34, 'JUEVES', '15:31:00', '17:29:00'),
(35, 'JUEVES', '17:31:00', '19:29:00'),
(36, 'JUEVES', '19:31:00', '21:29:00'),
(37, 'VIERNES', '07:01:00', '08:59:00'),
(38, 'VIERNES', '09:01:00', '10:59:00'),
(39, 'VIERNES', '11:01:00', '12:59:00'),
(40, 'VIERNES', '13:31:00', '15:29:00'),
(41, 'VIERNES', '15:31:00', '17:29:00'),
(42, 'VIERNES', '17:31:00', '19:29:00'),
(43, 'VIERNES', '19:31:00', '21:29:00');

-- --------------------------------------------------------

--
-- Estructura de tabla para la tabla `horarios_aulas`
--

CREATE TABLE `horarios_aulas` (
  `id_horario__aula` int(11) NOT NULL,
  `id_horario` int(11) NOT NULL,
  `id_aula` varchar(30) NOT NULL,
  `disponible` int(11) NOT NULL DEFAULT '1',
  `id_periodo` int(11) NOT NULL
) ENGINE=InnoDB DEFAULT CHARSET=utf8;

--
-- Volcado de datos para la tabla `horarios_aulas`
--

INSERT INTO `horarios_aulas` (`id_horario__aula`, `id_horario`, `id_aula`, `disponible`, `id_periodo`) VALUES
(109, 9, 'G201', 1, 15),
(110, 10, 'G201', 1, 15),
(111, 11, 'G201', 1, 15),
(112, 12, 'G201', 1, 15),
(113, 13, 'G201', 1, 15),
(114, 14, 'G201', 1, 15),
(115, 15, 'G201', 1, 15),
(116, 16, 'G201', 1, 15),
(117, 17, 'G201', 1, 15),
(118, 18, 'G201', 1, 15),
(119, 19, 'G201', 1, 15),
(120, 20, 'G201', 1, 15),
(121, 21, 'G201', 1, 15),
(122, 22, 'G201', 1, 15),
(123, 23, 'G201', 1, 15),
(124, 24, 'G201', 1, 15),
(125, 25, 'G201', 1, 15),
(126, 26, 'G201', 1, 15),
(127, 27, 'G201', 1, 15),
(128, 28, 'G201', 1, 15),
(129, 29, 'G201', 1, 15),
(130, 30, 'G201', 1, 15),
(131, 31, 'G201', 1, 15),
(132, 32, 'G201', 1, 15),
(133, 33, 'G201', 1, 15),
(134, 34, 'G201', 1, 15),
(135, 35, 'G201', 1, 15),
(136, 36, 'G201', 1, 15),
(137, 37, 'G201', 1, 15),
(138, 38, 'G201', 1, 15),
(139, 39, 'G201', 1, 15),
(140, 40, 'G201', 1, 15),
(141, 41, 'G201', 1, 15),
(142, 42, 'G201', 1, 15),
(143, 43, 'G201', 1, 15),
(144, 9, 'G202', 1, 15),
(145, 10, 'G202', 1, 15),
(146, 11, 'G202', 1, 15),
(147, 12, 'G202', 1, 15),
(148, 13, 'G202', 1, 15),
(149, 14, 'G202', 1, 15),
(150, 15, 'G202', 1, 15),
(151, 16, 'G202', 1, 15),
(152, 17, 'G202', 1, 15),
(153, 18, 'G202', 1, 15),
(154, 19, 'G202', 1, 15),
(155, 20, 'G202', 1, 15),
(156, 21, 'G202', 1, 15),
(157, 22, 'G202', 1, 15),
(158, 23, 'G202', 1, 15),
(159, 24, 'G202', 1, 15),
(160, 25, 'G202', 1, 15),
(161, 26, 'G202', 1, 15),
(162, 27, 'G202', 1, 15),
(163, 28, 'G202', 1, 15),
(164, 29, 'G202', 1, 15),
(165, 30, 'G202', 1, 15),
(166, 31, 'G202', 1, 15),
(167, 32, 'G202', 1, 15),
(168, 33, 'G202', 1, 15),
(169, 34, 'G202', 1, 15),
(170, 35, 'G202', 1, 15),
(171, 36, 'G202', 1, 15),
(172, 37, 'G202', 1, 15),
(173, 38, 'G202', 1, 15),
(174, 39, 'G202', 1, 15),
(175, 40, 'G202', 1, 15),
(176, 41, 'G202', 1, 15),
(177, 42, 'G202', 1, 15),
(178, 43, 'G202', 1, 15),
(179, 9, 'G203', 1, 15),
(180, 10, 'G203', 1, 15),
(181, 11, 'G203', 1, 15),
(182, 12, 'G203', 1, 15),
(183, 13, 'G203', 1, 15),
(184, 14, 'G203', 1, 15),
(185, 15, 'G203', 1, 15),
(186, 16, 'G203', 1, 15),
(187, 17, 'G203', 1, 15),
(188, 18, 'G203', 1, 15),
(189, 19, 'G203', 1, 15),
(190, 20, 'G203', 1, 15),
(191, 21, 'G203', 1, 15),
(192, 22, 'G203', 1, 15),
(193, 23, 'G203', 1, 15),
(194, 24, 'G203', 1, 15),
(195, 25, 'G203', 1, 15),
(196, 26, 'G203', 1, 15),
(197, 27, 'G203', 1, 15),
(198, 28, 'G203', 1, 15),
(199, 29, 'G203', 1, 15),
(200, 30, 'G203', 1, 15),
(201, 31, 'G203', 1, 15),
(202, 32, 'G203', 1, 15),
(203, 33, 'G203', 1, 15),
(204, 34, 'G203', 1, 15),
(205, 35, 'G203', 1, 15),
(206, 36, 'G203', 1, 15),
(207, 37, 'G203', 1, 15),
(208, 38, 'G203', 1, 15),
(209, 39, 'G203', 1, 15),
(210, 40, 'G203', 1, 15),
(211, 41, 'G203', 1, 15),
(212, 42, 'G203', 1, 15),
(213, 43, 'G203', 1, 15),
(214, 9, 'G204', 1, 15),
(215, 10, 'G204', 1, 15),
(216, 11, 'G204', 1, 15),
(217, 12, 'G204', 1, 15),
(218, 13, 'G204', 1, 15),
(219, 14, 'G204', 1, 15),
(220, 15, 'G204', 1, 15),
(221, 16, 'G204', 1, 15),
(222, 17, 'G204', 1, 15),
(223, 18, 'G204', 1, 15),
(224, 19, 'G204', 1, 15),
(225, 20, 'G204', 1, 15),
(226, 21, 'G204', 1, 15),
(227, 22, 'G204', 1, 15),
(228, 23, 'G204', 1, 15),
(229, 24, 'G204', 1, 15),
(230, 25, 'G204', 1, 15),
(231, 26, 'G204', 1, 15),
(232, 27, 'G204', 1, 15),
(233, 28, 'G204', 1, 15),
(234, 29, 'G204', 1, 15),
(235, 30, 'G204', 1, 15),
(236, 31, 'G204', 1, 15),
(237, 32, 'G204', 1, 15),
(238, 33, 'G204', 1, 15),
(239, 34, 'G204', 1, 15),
(240, 35, 'G204', 1, 15),
(241, 36, 'G204', 1, 15),
(242, 37, 'G204', 1, 15),
(243, 38, 'G204', 1, 15),
(244, 39, 'G204', 1, 15),
(245, 40, 'G204', 1, 15),
(246, 41, 'G204', 1, 15),
(247, 42, 'G204', 1, 15),
(248, 43, 'G204', 1, 15),
(249, 9, 'G205', 1, 15),
(250, 10, 'G205', 1, 15),
(251, 11, 'G205', 1, 15),
(252, 12, 'G205', 1, 15),
(253, 13, 'G205', 1, 15),
(254, 14, 'G205', 1, 15),
(255, 15, 'G205', 1, 15),
(256, 16, 'G205', 1, 15),
(257, 17, 'G205', 1, 15),
(258, 18, 'G205', 1, 15),
(259, 19, 'G205', 1, 15),
(260, 20, 'G205', 1, 15),
(261, 21, 'G205', 1, 15),
(262, 22, 'G205', 1, 15),
(263, 23, 'G205', 1, 15),
(264, 24, 'G205', 1, 15),
(265, 25, 'G205', 1, 15),
(266, 26, 'G205', 1, 15),
(267, 27, 'G205', 1, 15),
(268, 28, 'G205', 1, 15),
(269, 29, 'G205', 1, 15),
(270, 30, 'G205', 1, 15),
(271, 31, 'G205', 1, 15),
(272, 32, 'G205', 1, 15),
(273, 33, 'G205', 1, 15),
(274, 34, 'G205', 1, 15),
(275, 35, 'G205', 1, 15),
(276, 36, 'G205', 1, 15),
(277, 37, 'G205', 1, 15),
(278, 38, 'G205', 1, 15),
(279, 39, 'G205', 1, 15),
(280, 40, 'G205', 1, 15),
(281, 41, 'G205', 1, 15),
(282, 42, 'G205', 1, 15),
(283, 43, 'G205', 1, 15),
(284, 9, 'G206', 1, 15),
(285, 10, 'G206', 1, 15),
(286, 11, 'G206', 1, 15),
(287, 12, 'G206', 1, 15),
(288, 13, 'G206', 1, 15),
(289, 14, 'G206', 1, 15),
(290, 15, 'G206', 1, 15),
(291, 16, 'G206', 1, 15),
(292, 17, 'G206', 1, 15),
(293, 18, 'G206', 1, 15),
(294, 19, 'G206', 1, 15),
(295, 20, 'G206', 1, 15),
(296, 21, 'G206', 1, 15),
(297, 22, 'G206', 1, 15),
(298, 23, 'G206', 1, 15),
(299, 24, 'G206', 1, 15),
(300, 25, 'G206', 1, 15),
(301, 26, 'G206', 1, 15),
(302, 27, 'G206', 1, 15),
(303, 28, 'G206', 1, 15),
(304, 29, 'G206', 1, 15),
(305, 30, 'G206', 1, 15),
(306, 31, 'G206', 1, 15),
(307, 32, 'G206', 1, 15),
(308, 33, 'G206', 1, 15),
(309, 34, 'G206', 1, 15),
(310, 35, 'G206', 1, 15),
(311, 36, 'G206', 1, 15),
(312, 37, 'G206', 1, 15),
(313, 38, 'G206', 1, 15),
(314, 39, 'G206', 1, 15),
(315, 40, 'G206', 1, 15),
(316, 41, 'G206', 1, 15),
(317, 42, 'G206', 1, 15),
(318, 43, 'G206', 1, 15),
(319, 9, 'G301', 1, 15),
(320, 10, 'G301', 1, 15),
(321, 11, 'G301', 1, 15),
(322, 12, 'G301', 1, 15),
(323, 13, 'G301', 1, 15),
(324, 14, 'G301', 1, 15),
(325, 15, 'G301', 1, 15),
(326, 16, 'G301', 1, 15),
(327, 17, 'G301', 1, 15),
(328, 18, 'G301', 1, 15),
(329, 19, 'G301', 1, 15),
(330, 20, 'G301', 1, 15),
(331, 21, 'G301', 1, 15),
(332, 22, 'G301', 1, 15),
(333, 23, 'G301', 1, 15),
(334, 24, 'G301', 1, 15),
(335, 25, 'G301', 1, 15),
(336, 26, 'G301', 1, 15),
(337, 27, 'G301', 1, 15),
(338, 28, 'G301', 1, 15),
(339, 29, 'G301', 1, 15),
(340, 30, 'G301', 1, 15),
(341, 31, 'G301', 1, 15),
(342, 32, 'G301', 1, 15),
(343, 33, 'G301', 1, 15),
(344, 34, 'G301', 1, 15),
(345, 35, 'G301', 1, 15),
(346, 36, 'G301', 1, 15),
(347, 37, 'G301', 1, 15),
(348, 38, 'G301', 1, 15),
(349, 39, 'G301', 1, 15),
(350, 40, 'G301', 1, 15),
(351, 41, 'G301', 1, 15),
(352, 42, 'G301', 1, 15),
(353, 43, 'G301', 1, 15),
(354, 9, 'G302', 1, 15),
(355, 10, 'G302', 1, 15),
(356, 11, 'G302', 1, 15),
(357, 12, 'G302', 1, 15),
(358, 13, 'G302', 1, 15),
(359, 14, 'G302', 1, 15),
(360, 15, 'G302', 1, 15),
(361, 16, 'G302', 1, 15),
(362, 17, 'G302', 1, 15),
(363, 18, 'G302', 1, 15),
(364, 19, 'G302', 1, 15),
(365, 20, 'G302', 1, 15),
(366, 21, 'G302', 1, 15),
(367, 22, 'G302', 1, 15),
(368, 23, 'G302', 1, 15),
(369, 24, 'G302', 1, 15),
(370, 25, 'G302', 1, 15),
(371, 26, 'G302', 1, 15),
(372, 27, 'G302', 1, 15),
(373, 28, 'G302', 1, 15),
(374, 29, 'G302', 1, 15),
(375, 30, 'G302', 1, 15),
(376, 31, 'G302', 1, 15),
(377, 32, 'G302', 1, 15),
(378, 33, 'G302', 1, 15),
(379, 34, 'G302', 1, 15),
(380, 35, 'G302', 1, 15),
(381, 36, 'G302', 1, 15),
(382, 37, 'G302', 1, 15),
(383, 38, 'G302', 1, 15),
(384, 39, 'G302', 1, 15),
(385, 40, 'G302', 1, 15),
(386, 41, 'G302', 1, 15),
(387, 42, 'G302', 1, 15),
(388, 43, 'G302', 1, 15),
(389, 9, 'G303', 1, 15),
(390, 10, 'G303', 1, 15),
(391, 11, 'G303', 1, 15),
(392, 12, 'G303', 1, 15),
(393, 13, 'G303', 1, 15),
(394, 14, 'G303', 1, 15),
(395, 15, 'G303', 1, 15),
(396, 16, 'G303', 1, 15),
(397, 17, 'G303', 1, 15),
(398, 18, 'G303', 1, 15),
(399, 19, 'G303', 1, 15),
(400, 20, 'G303', 1, 15),
(401, 21, 'G303', 1, 15),
(402, 22, 'G303', 1, 15),
(403, 23, 'G303', 1, 15),
(404, 24, 'G303', 1, 15),
(405, 25, 'G303', 1, 15),
(406, 26, 'G303', 1, 15),
(407, 27, 'G303', 1, 15),
(408, 28, 'G303', 1, 15),
(409, 29, 'G303', 1, 15),
(410, 30, 'G303', 1, 15),
(411, 31, 'G303', 1, 15),
(412, 32, 'G303', 1, 15),
(413, 33, 'G303', 1, 15),
(414, 34, 'G303', 1, 15),
(415, 35, 'G303', 1, 15),
(416, 36, 'G303', 1, 15),
(417, 37, 'G303', 1, 15),
(418, 38, 'G303', 1, 15),
(419, 39, 'G303', 1, 15),
(420, 40, 'G303', 1, 15),
(421, 41, 'G303', 1, 15),
(422, 42, 'G303', 1, 15),
(423, 43, 'G303', 1, 15),
(424, 9, 'G304', 1, 15),
(425, 10, 'G304', 1, 15),
(426, 11, 'G304', 1, 15),
(427, 12, 'G304', 1, 15),
(428, 13, 'G304', 1, 15),
(429, 14, 'G304', 1, 15),
(430, 15, 'G304', 1, 15),
(431, 16, 'G304', 1, 15),
(432, 17, 'G304', 1, 15),
(433, 18, 'G304', 1, 15),
(434, 19, 'G304', 1, 15),
(435, 20, 'G304', 1, 15),
(436, 21, 'G304', 1, 15),
(437, 22, 'G304', 1, 15),
(438, 23, 'G304', 1, 15),
(439, 24, 'G304', 1, 15),
(440, 25, 'G304', 1, 15),
(441, 26, 'G304', 1, 15),
(442, 27, 'G304', 1, 15),
(443, 28, 'G304', 1, 15),
(444, 29, 'G304', 1, 15),
(445, 30, 'G304', 1, 15),
(446, 31, 'G304', 1, 15),
(447, 32, 'G304', 1, 15),
(448, 33, 'G304', 1, 15),
(449, 34, 'G304', 1, 15),
(450, 35, 'G304', 1, 15),
(451, 36, 'G304', 1, 15),
(452, 37, 'G304', 1, 15),
(453, 38, 'G304', 1, 15),
(454, 39, 'G304', 1, 15),
(455, 40, 'G304', 1, 15),
(456, 41, 'G304', 1, 15),
(457, 42, 'G304', 1, 15),
(458, 43, 'G304', 1, 15),
(459, 9, 'G305', 1, 15),
(460, 10, 'G305', 1, 15),
(461, 11, 'G305', 1, 15),
(462, 12, 'G305', 1, 15),
(463, 13, 'G305', 1, 15),
(464, 14, 'G305', 1, 15),
(465, 15, 'G305', 1, 15),
(466, 16, 'G305', 1, 15),
(467, 17, 'G305', 1, 15),
(468, 18, 'G305', 1, 15),
(469, 19, 'G305', 1, 15),
(470, 20, 'G305', 1, 15),
(471, 21, 'G305', 1, 15),
(472, 22, 'G305', 1, 15),
(473, 23, 'G305', 1, 15),
(474, 24, 'G305', 1, 15),
(475, 25, 'G305', 1, 15),
(476, 26, 'G305', 1, 15),
(477, 27, 'G305', 1, 15),
(478, 28, 'G305', 1, 15),
(479, 29, 'G305', 1, 15),
(480, 30, 'G305', 1, 15),
(481, 31, 'G305', 1, 15),
(482, 32, 'G305', 1, 15),
(483, 33, 'G305', 1, 15),
(484, 34, 'G305', 1, 15),
(485, 35, 'G305', 1, 15),
(486, 36, 'G305', 1, 15),
(487, 37, 'G305', 1, 15),
(488, 38, 'G305', 1, 15),
(489, 39, 'G305', 1, 15),
(490, 40, 'G305', 1, 15),
(491, 41, 'G305', 1, 15),
(492, 42, 'G305', 1, 15),
(493, 43, 'G305', 1, 15),
(494, 9, 'G306', 1, 15),
(495, 10, 'G306', 1, 15),
(496, 11, 'G306', 1, 15),
(497, 12, 'G306', 1, 15),
(498, 13, 'G306', 1, 15),
(499, 14, 'G306', 1, 15),
(500, 15, 'G306', 1, 15),
(501, 16, 'G306', 1, 15),
(502, 17, 'G306', 1, 15),
(503, 18, 'G306', 1, 15),
(504, 19, 'G306', 1, 15),
(505, 20, 'G306', 1, 15),
(506, 21, 'G306', 1, 15),
(507, 22, 'G306', 1, 15),
(508, 23, 'G306', 1, 15),
(509, 24, 'G306', 1, 15),
(510, 25, 'G306', 1, 15),
(511, 26, 'G306', 1, 15),
(512, 27, 'G306', 1, 15),
(513, 28, 'G306', 1, 15),
(514, 29, 'G306', 1, 15),
(515, 30, 'G306', 1, 15),
(516, 31, 'G306', 1, 15),
(517, 32, 'G306', 1, 15),
(518, 33, 'G306', 1, 15),
(519, 34, 'G306', 1, 15),
(520, 35, 'G306', 1, 15),
(521, 36, 'G306', 1, 15),
(522, 37, 'G306', 1, 15),
(523, 38, 'G306', 1, 15),
(524, 39, 'G306', 1, 15),
(525, 40, 'G306', 1, 15),
(526, 41, 'G306', 1, 15),
(527, 42, 'G306', 1, 15),
(528, 43, 'G306', 1, 15),
(529, 9, 'G401', 1, 15),
(530, 10, 'G401', 1, 15),
(531, 11, 'G401', 1, 15),
(532, 12, 'G401', 1, 15),
(533, 13, 'G401', 1, 15),
(534, 14, 'G401', 1, 15),
(535, 15, 'G401', 1, 15),
(536, 16, 'G401', 1, 15),
(537, 17, 'G401', 1, 15),
(538, 18, 'G401', 1, 15),
(539, 19, 'G401', 1, 15),
(540, 20, 'G401', 1, 15),
(541, 21, 'G401', 1, 15),
(542, 22, 'G401', 1, 15),
(543, 23, 'G401', 1, 15),
(544, 24, 'G401', 1, 15),
(545, 25, 'G401', 1, 15),
(546, 26, 'G401', 1, 15),
(547, 27, 'G401', 1, 15),
(548, 28, 'G401', 1, 15),
(549, 29, 'G401', 1, 15),
(550, 30, 'G401', 1, 15),
(551, 31, 'G401', 1, 15),
(552, 32, 'G401', 1, 15),
(553, 33, 'G401', 1, 15),
(554, 34, 'G401', 1, 15),
(555, 35, 'G401', 1, 15),
(556, 36, 'G401', 1, 15),
(557, 37, 'G401', 1, 15),
(558, 38, 'G401', 1, 15),
(559, 39, 'G401', 1, 15),
(560, 40, 'G401', 1, 15),
(561, 41, 'G401', 1, 15),
(562, 42, 'G401', 1, 15),
(563, 43, 'G401', 1, 15),
(564, 9, 'G402', 1, 15),
(565, 10, 'G402', 1, 15),
(566, 11, 'G402', 1, 15),
(567, 12, 'G402', 1, 15),
(568, 13, 'G402', 1, 15),
(569, 14, 'G402', 1, 15),
(570, 15, 'G402', 1, 15),
(571, 16, 'G402', 1, 15),
(572, 17, 'G402', 1, 15),
(573, 18, 'G402', 1, 15),
(574, 19, 'G402', 1, 15),
(575, 20, 'G402', 1, 15),
(576, 21, 'G402', 1, 15),
(577, 22, 'G402', 1, 15),
(578, 23, 'G402', 1, 15),
(579, 24, 'G402', 1, 15),
(580, 25, 'G402', 1, 15),
(581, 26, 'G402', 1, 15),
(582, 27, 'G402', 1, 15),
(583, 28, 'G402', 1, 15),
(584, 29, 'G402', 1, 15),
(585, 30, 'G402', 1, 15),
(586, 31, 'G402', 1, 15),
(587, 32, 'G402', 1, 15),
(588, 33, 'G402', 1, 15),
(589, 34, 'G402', 1, 15),
(590, 35, 'G402', 1, 15),
(591, 36, 'G402', 1, 15),
(592, 37, 'G402', 1, 15),
(593, 38, 'G402', 1, 15),
(594, 39, 'G402', 1, 15),
(595, 40, 'G402', 1, 15),
(596, 41, 'G402', 1, 15),
(597, 42, 'G402', 1, 15),
(598, 43, 'G402', 1, 15),
(599, 9, 'G403', 1, 15),
(600, 10, 'G403', 1, 15),
(601, 11, 'G403', 1, 15),
(602, 12, 'G403', 1, 15),
(603, 13, 'G403', 1, 15),
(604, 14, 'G403', 1, 15),
(605, 15, 'G403', 1, 15),
(606, 16, 'G403', 1, 15),
(607, 17, 'G403', 1, 15),
(608, 18, 'G403', 1, 15),
(609, 19, 'G403', 1, 15),
(610, 20, 'G403', 1, 15),
(611, 21, 'G403', 1, 15),
(612, 22, 'G403', 1, 15),
(613, 23, 'G403', 1, 15),
(614, 24, 'G403', 1, 15),
(615, 25, 'G403', 1, 15),
(616, 26, 'G403', 1, 15),
(617, 27, 'G403', 1, 15),
(618, 28, 'G403', 1, 15),
(619, 29, 'G403', 1, 15),
(620, 30, 'G403', 1, 15),
(621, 31, 'G403', 1, 15),
(622, 32, 'G403', 1, 15),
(623, 33, 'G403', 1, 15),
(624, 34, 'G403', 1, 15),
(625, 35, 'G403', 1, 15),
(626, 36, 'G403', 1, 15),
(627, 37, 'G403', 1, 15),
(628, 38, 'G403', 1, 15),
(629, 39, 'G403', 1, 15),
(630, 40, 'G403', 1, 15),
(631, 41, 'G403', 1, 15),
(632, 42, 'G403', 1, 15),
(633, 43, 'G403', 1, 15),
(634, 9, 'G404', 1, 15),
(635, 10, 'G404', 1, 15),
(636, 11, 'G404', 1, 15),
(637, 12, 'G404', 1, 15),
(638, 13, 'G404', 1, 15),
(639, 14, 'G404', 1, 15),
(640, 15, 'G404', 1, 15),
(641, 16, 'G404', 1, 15),
(642, 17, 'G404', 1, 15),
(643, 18, 'G404', 1, 15),
(644, 19, 'G404', 1, 15),
(645, 20, 'G404', 1, 15),
(646, 21, 'G404', 1, 15),
(647, 22, 'G404', 1, 15),
(648, 23, 'G404', 1, 15),
(649, 24, 'G404', 1, 15),
(650, 25, 'G404', 1, 15),
(651, 26, 'G404', 1, 15),
(652, 27, 'G404', 1, 15),
(653, 28, 'G404', 1, 15),
(654, 29, 'G404', 1, 15),
(655, 30, 'G404', 1, 15),
(656, 31, 'G404', 1, 15),
(657, 32, 'G404', 1, 15),
(658, 33, 'G404', 1, 15),
(659, 34, 'G404', 1, 15),
(660, 35, 'G404', 1, 15),
(661, 36, 'G404', 1, 15),
(662, 37, 'G404', 1, 15),
(663, 38, 'G404', 1, 15),
(664, 39, 'G404', 1, 15),
(665, 40, 'G404', 1, 15),
(666, 41, 'G404', 1, 15),
(667, 42, 'G404', 1, 15),
(668, 43, 'G404', 1, 15),
(669, 9, 'G405', 1, 15),
(670, 10, 'G405', 1, 15),
(671, 11, 'G405', 1, 15),
(672, 12, 'G405', 1, 15),
(673, 13, 'G405', 1, 15),
(674, 14, 'G405', 1, 15),
(675, 15, 'G405', 1, 15),
(676, 16, 'G405', 1, 15),
(677, 17, 'G405', 1, 15),
(678, 18, 'G405', 1, 15),
(679, 19, 'G405', 1, 15),
(680, 20, 'G405', 1, 15),
(681, 21, 'G405', 1, 15),
(682, 22, 'G405', 1, 15),
(683, 23, 'G405', 1, 15),
(684, 24, 'G405', 1, 15),
(685, 25, 'G405', 1, 15),
(686, 26, 'G405', 1, 15),
(687, 27, 'G405', 1, 15),
(688, 28, 'G405', 1, 15),
(689, 29, 'G405', 1, 15),
(690, 30, 'G405', 1, 15),
(691, 31, 'G405', 1, 15),
(692, 32, 'G405', 1, 15),
(693, 33, 'G405', 1, 15),
(694, 34, 'G405', 1, 15),
(695, 35, 'G405', 1, 15),
(696, 36, 'G405', 1, 15),
(697, 37, 'G405', 1, 15),
(698, 38, 'G405', 1, 15),
(699, 39, 'G405', 1, 15),
(700, 40, 'G405', 1, 15),
(701, 41, 'G405', 1, 15),
(702, 42, 'G405', 1, 15),
(703, 43, 'G405', 1, 15),
(704, 9, 'G406', 1, 15),
(705, 10, 'G406', 1, 15),
(706, 11, 'G406', 1, 15),
(707, 12, 'G406', 1, 15),
(708, 13, 'G406', 1, 15),
(709, 14, 'G406', 1, 15),
(710, 15, 'G406', 1, 15),
(711, 16, 'G406', 1, 15),
(712, 17, 'G406', 1, 15),
(713, 18, 'G406', 1, 15),
(714, 19, 'G406', 1, 15),
(715, 20, 'G406', 1, 15),
(716, 21, 'G406', 1, 15),
(717, 22, 'G406', 1, 15),
(718, 23, 'G406', 1, 15),
(719, 24, 'G406', 1, 15),
(720, 25, 'G406', 1, 15),
(721, 26, 'G406', 1, 15),
(722, 27, 'G406', 1, 15),
(723, 28, 'G406', 1, 15),
(724, 29, 'G406', 1, 15),
(725, 30, 'G406', 1, 15),
(726, 31, 'G406', 1, 15),
(727, 32, 'G406', 1, 15),
(728, 33, 'G406', 1, 15),
(729, 34, 'G406', 1, 15),
(730, 35, 'G406', 1, 15),
(731, 36, 'G406', 1, 15),
(732, 37, 'G406', 1, 15),
(733, 38, 'G406', 1, 15),
(734, 39, 'G406', 1, 15),
(735, 40, 'G406', 1, 15),
(736, 41, 'G406', 1, 15),
(737, 42, 'G406', 1, 15),
(738, 43, 'G406', 1, 15),
(739, 9, 'H201', 1, 15),
(740, 10, 'H201', 1, 15),
(741, 11, 'H201', 1, 15),
(742, 12, 'H201', 1, 15),
(743, 13, 'H201', 1, 15),
(744, 14, 'H201', 1, 15),
(745, 15, 'H201', 1, 15),
(746, 16, 'H201', 1, 15),
(747, 17, 'H201', 1, 15),
(748, 18, 'H201', 1, 15),
(749, 19, 'H201', 1, 15),
(750, 20, 'H201', 1, 15),
(751, 21, 'H201', 1, 15),
(752, 22, 'H201', 1, 15),
(753, 23, 'H201', 1, 15),
(754, 24, 'H201', 1, 15),
(755, 25, 'H201', 1, 15),
(756, 26, 'H201', 1, 15),
(757, 27, 'H201', 1, 15),
(758, 28, 'H201', 1, 15),
(759, 29, 'H201', 1, 15),
(760, 30, 'H201', 1, 15),
(761, 31, 'H201', 1, 15),
(762, 32, 'H201', 1, 15),
(763, 33, 'H201', 1, 15),
(764, 34, 'H201', 1, 15),
(765, 35, 'H201', 1, 15),
(766, 36, 'H201', 1, 15),
(767, 37, 'H201', 1, 15),
(768, 38, 'H201', 1, 15),
(769, 39, 'H201', 1, 15),
(770, 40, 'H201', 1, 15),
(771, 41, 'H201', 1, 15),
(772, 42, 'H201', 1, 15),
(773, 43, 'H201', 1, 15),
(774, 9, 'H202', 1, 15),
(775, 10, 'H202', 1, 15),
(776, 11, 'H202', 1, 15),
(777, 12, 'H202', 1, 15),
(778, 13, 'H202', 1, 15),
(779, 14, 'H202', 1, 15),
(780, 15, 'H202', 1, 15),
(781, 16, 'H202', 1, 15),
(782, 17, 'H202', 1, 15),
(783, 18, 'H202', 1, 15),
(784, 19, 'H202', 1, 15),
(785, 20, 'H202', 1, 15),
(786, 21, 'H202', 1, 15),
(787, 22, 'H202', 1, 15),
(788, 23, 'H202', 1, 15),
(789, 24, 'H202', 1, 15),
(790, 25, 'H202', 1, 15),
(791, 26, 'H202', 1, 15),
(792, 27, 'H202', 1, 15),
(793, 28, 'H202', 1, 15),
(794, 29, 'H202', 1, 15),
(795, 30, 'H202', 1, 15),
(796, 31, 'H202', 1, 15),
(797, 32, 'H202', 1, 15),
(798, 33, 'H202', 1, 15),
(799, 34, 'H202', 1, 15),
(800, 35, 'H202', 1, 15),
(801, 36, 'H202', 1, 15),
(802, 37, 'H202', 1, 15),
(803, 38, 'H202', 1, 15),
(804, 39, 'H202', 1, 15),
(805, 40, 'H202', 1, 15),
(806, 41, 'H202', 1, 15),
(807, 42, 'H202', 1, 15),
(808, 43, 'H202', 1, 15),
(809, 9, 'H203', 1, 15),
(810, 10, 'H203', 1, 15),
(811, 11, 'H203', 1, 15),
(812, 12, 'H203', 1, 15),
(813, 13, 'H203', 1, 15),
(814, 14, 'H203', 1, 15),
(815, 15, 'H203', 1, 15),
(816, 16, 'H203', 1, 15),
(817, 17, 'H203', 1, 15),
(818, 18, 'H203', 1, 15),
(819, 19, 'H203', 1, 15),
(820, 20, 'H203', 1, 15),
(821, 21, 'H203', 1, 15),
(822, 22, 'H203', 1, 15),
(823, 23, 'H203', 1, 15),
(824, 24, 'H203', 1, 15),
(825, 25, 'H203', 1, 15),
(826, 26, 'H203', 1, 15),
(827, 27, 'H203', 1, 15),
(828, 28, 'H203', 1, 15),
(829, 29, 'H203', 1, 15),
(830, 30, 'H203', 1, 15),
(831, 31, 'H203', 1, 15),
(832, 32, 'H203', 1, 15),
(833, 33, 'H203', 1, 15),
(834, 34, 'H203', 1, 15),
(835, 35, 'H203', 1, 15),
(836, 36, 'H203', 1, 15),
(837, 37, 'H203', 1, 15),
(838, 38, 'H203', 1, 15),
(839, 39, 'H203', 1, 15),
(840, 40, 'H203', 1, 15),
(841, 41, 'H203', 1, 15),
(842, 42, 'H203', 1, 15),
(843, 43, 'H203', 1, 15),
(844, 9, 'H204', 1, 15),
(845, 10, 'H204', 1, 15),
(846, 11, 'H204', 1, 15),
(847, 12, 'H204', 1, 15),
(848, 13, 'H204', 1, 15),
(849, 14, 'H204', 1, 15),
(850, 15, 'H204', 1, 15),
(851, 16, 'H204', 1, 15),
(852, 17, 'H204', 1, 15),
(853, 18, 'H204', 1, 15),
(854, 19, 'H204', 1, 15),
(855, 20, 'H204', 1, 15),
(856, 21, 'H204', 1, 15),
(857, 22, 'H204', 1, 15),
(858, 23, 'H204', 1, 15),
(859, 24, 'H204', 1, 15),
(860, 25, 'H204', 1, 15),
(861, 26, 'H204', 1, 15),
(862, 27, 'H204', 1, 15),
(863, 28, 'H204', 1, 15),
(864, 29, 'H204', 1, 15),
(865, 30, 'H204', 1, 15),
(866, 31, 'H204', 1, 15),
(867, 32, 'H204', 1, 15),
(868, 33, 'H204', 1, 15),
(869, 34, 'H204', 1, 15),
(870, 35, 'H204', 1, 15),
(871, 36, 'H204', 1, 15),
(872, 37, 'H204', 1, 15),
(873, 38, 'H204', 1, 15),
(874, 39, 'H204', 1, 15),
(875, 40, 'H204', 1, 15),
(876, 41, 'H204', 1, 15),
(877, 42, 'H204', 1, 15),
(878, 43, 'H204', 1, 15),
(879, 9, 'H205', 1, 15),
(880, 10, 'H205', 1, 15),
(881, 11, 'H205', 1, 15),
(882, 12, 'H205', 1, 15),
(883, 13, 'H205', 1, 15),
(884, 14, 'H205', 1, 15),
(885, 15, 'H205', 1, 15),
(886, 16, 'H205', 1, 15),
(887, 17, 'H205', 1, 15),
(888, 18, 'H205', 1, 15),
(889, 19, 'H205', 1, 15),
(890, 20, 'H205', 1, 15),
(891, 21, 'H205', 1, 15),
(892, 22, 'H205', 1, 15),
(893, 23, 'H205', 1, 15),
(894, 24, 'H205', 1, 15),
(895, 25, 'H205', 1, 15),
(896, 26, 'H205', 1, 15),
(897, 27, 'H205', 1, 15),
(898, 28, 'H205', 1, 15),
(899, 29, 'H205', 1, 15),
(900, 30, 'H205', 1, 15),
(901, 31, 'H205', 1, 15),
(902, 32, 'H205', 1, 15),
(903, 33, 'H205', 1, 15),
(904, 34, 'H205', 1, 15),
(905, 35, 'H205', 1, 15),
(906, 36, 'H205', 1, 15),
(907, 37, 'H205', 1, 15),
(908, 38, 'H205', 1, 15),
(909, 39, 'H205', 1, 15),
(910, 40, 'H205', 1, 15),
(911, 41, 'H205', 1, 15),
(912, 42, 'H205', 1, 15),
(913, 43, 'H205', 1, 15),
(914, 9, 'H206', 1, 15),
(915, 10, 'H206', 1, 15),
(916, 11, 'H206', 1, 15),
(917, 12, 'H206', 1, 15),
(918, 13, 'H206', 1, 15),
(919, 14, 'H206', 1, 15),
(920, 15, 'H206', 1, 15),
(921, 16, 'H206', 1, 15),
(922, 17, 'H206', 1, 15),
(923, 18, 'H206', 1, 15),
(924, 19, 'H206', 1, 15),
(925, 20, 'H206', 1, 15),
(926, 21, 'H206', 1, 15),
(927, 22, 'H206', 1, 15),
(928, 23, 'H206', 1, 15),
(929, 24, 'H206', 1, 15),
(930, 25, 'H206', 1, 15),
(931, 26, 'H206', 1, 15),
(932, 27, 'H206', 1, 15),
(933, 28, 'H206', 1, 15),
(934, 29, 'H206', 1, 15),
(935, 30, 'H206', 1, 15),
(936, 31, 'H206', 1, 15),
(937, 32, 'H206', 1, 15),
(938, 33, 'H206', 1, 15),
(939, 34, 'H206', 1, 15),
(940, 35, 'H206', 1, 15),
(941, 36, 'H206', 1, 15),
(942, 37, 'H206', 1, 15),
(943, 38, 'H206', 1, 15),
(944, 39, 'H206', 1, 15),
(945, 40, 'H206', 1, 15),
(946, 41, 'H206', 1, 15),
(947, 42, 'H206', 1, 15),
(948, 43, 'H206', 1, 15),
(949, 9, 'H301', 1, 15),
(950, 10, 'H301', 1, 15),
(951, 11, 'H301', 1, 15),
(952, 12, 'H301', 1, 15),
(953, 13, 'H301', 1, 15),
(954, 14, 'H301', 1, 15),
(955, 15, 'H301', 1, 15),
(956, 16, 'H301', 1, 15),
(957, 17, 'H301', 1, 15),
(958, 18, 'H301', 1, 15),
(959, 19, 'H301', 1, 15),
(960, 20, 'H301', 1, 15),
(961, 21, 'H301', 1, 15),
(962, 22, 'H301', 1, 15),
(963, 23, 'H301', 1, 15),
(964, 24, 'H301', 1, 15),
(965, 25, 'H301', 1, 15),
(966, 26, 'H301', 1, 15),
(967, 27, 'H301', 1, 15),
(968, 28, 'H301', 1, 15),
(969, 29, 'H301', 1, 15),
(970, 30, 'H301', 1, 15),
(971, 31, 'H301', 1, 15),
(972, 32, 'H301', 1, 15),
(973, 33, 'H301', 1, 15),
(974, 34, 'H301', 1, 15),
(975, 35, 'H301', 1, 15),
(976, 36, 'H301', 1, 15),
(977, 37, 'H301', 1, 15),
(978, 38, 'H301', 1, 15),
(979, 39, 'H301', 1, 15),
(980, 40, 'H301', 1, 15),
(981, 41, 'H301', 1, 15),
(982, 42, 'H301', 1, 15),
(983, 43, 'H301', 1, 15),
(984, 9, 'H302', 1, 15),
(985, 10, 'H302', 1, 15),
(986, 11, 'H302', 1, 15),
(987, 12, 'H302', 1, 15),
(988, 13, 'H302', 1, 15),
(989, 14, 'H302', 1, 15),
(990, 15, 'H302', 1, 15),
(991, 16, 'H302', 1, 15),
(992, 17, 'H302', 1, 15),
(993, 18, 'H302', 1, 15),
(994, 19, 'H302', 1, 15),
(995, 20, 'H302', 1, 15),
(996, 21, 'H302', 1, 15),
(997, 22, 'H302', 1, 15),
(998, 23, 'H302', 1, 15),
(999, 24, 'H302', 1, 15),
(1000, 25, 'H302', 1, 15),
(1001, 26, 'H302', 1, 15),
(1002, 27, 'H302', 1, 15),
(1003, 28, 'H302', 1, 15),
(1004, 29, 'H302', 1, 15),
(1005, 30, 'H302', 1, 15),
(1006, 31, 'H302', 1, 15),
(1007, 32, 'H302', 1, 15),
(1008, 33, 'H302', 1, 15),
(1009, 34, 'H302', 1, 15),
(1010, 35, 'H302', 1, 15),
(1011, 36, 'H302', 1, 15),
(1012, 37, 'H302', 1, 15),
(1013, 38, 'H302', 1, 15),
(1014, 39, 'H302', 1, 15),
(1015, 40, 'H302', 1, 15),
(1016, 41, 'H302', 1, 15),
(1017, 42, 'H302', 1, 15),
(1018, 43, 'H302', 1, 15),
(1019, 9, 'H303', 1, 15),
(1020, 10, 'H303', 1, 15),
(1021, 11, 'H303', 1, 15),
(1022, 12, 'H303', 1, 15),
(1023, 13, 'H303', 1, 15),
(1024, 14, 'H303', 1, 15),
(1025, 15, 'H303', 1, 15),
(1026, 16, 'H303', 1, 15),
(1027, 17, 'H303', 1, 15),
(1028, 18, 'H303', 1, 15),
(1029, 19, 'H303', 1, 15),
(1030, 20, 'H303', 1, 15),
(1031, 21, 'H303', 1, 15),
(1032, 22, 'H303', 1, 15),
(1033, 23, 'H303', 1, 15),
(1034, 24, 'H303', 1, 15),
(1035, 25, 'H303', 1, 15),
(1036, 26, 'H303', 1, 15),
(1037, 27, 'H303', 1, 15),
(1038, 28, 'H303', 1, 15),
(1039, 29, 'H303', 1, 15),
(1040, 30, 'H303', 1, 15),
(1041, 31, 'H303', 1, 15),
(1042, 32, 'H303', 1, 15),
(1043, 33, 'H303', 1, 15),
(1044, 34, 'H303', 1, 15),
(1045, 35, 'H303', 1, 15),
(1046, 36, 'H303', 1, 15),
(1047, 37, 'H303', 1, 15),
(1048, 38, 'H303', 1, 15),
(1049, 39, 'H303', 1, 15),
(1050, 40, 'H303', 1, 15),
(1051, 41, 'H303', 1, 15),
(1052, 42, 'H303', 1, 15),
(1053, 43, 'H303', 1, 15),
(1054, 9, 'H304', 1, 15),
(1055, 10, 'H304', 1, 15),
(1056, 11, 'H304', 1, 15),
(1057, 12, 'H304', 1, 15),
(1058, 13, 'H304', 1, 15),
(1059, 14, 'H304', 1, 15),
(1060, 15, 'H304', 1, 15),
(1061, 16, 'H304', 1, 15),
(1062, 17, 'H304', 1, 15),
(1063, 18, 'H304', 1, 15),
(1064, 19, 'H304', 1, 15),
(1065, 20, 'H304', 1, 15),
(1066, 21, 'H304', 1, 15),
(1067, 22, 'H304', 1, 15),
(1068, 23, 'H304', 1, 15),
(1069, 24, 'H304', 1, 15),
(1070, 25, 'H304', 1, 15),
(1071, 26, 'H304', 1, 15),
(1072, 27, 'H304', 1, 15),
(1073, 28, 'H304', 1, 15),
(1074, 29, 'H304', 1, 15),
(1075, 30, 'H304', 1, 15),
(1076, 31, 'H304', 1, 15),
(1077, 32, 'H304', 1, 15),
(1078, 33, 'H304', 1, 15),
(1079, 34, 'H304', 1, 15),
(1080, 35, 'H304', 1, 15),
(1081, 36, 'H304', 1, 15),
(1082, 37, 'H304', 1, 15),
(1083, 38, 'H304', 1, 15),
(1084, 39, 'H304', 1, 15),
(1085, 40, 'H304', 1, 15),
(1086, 41, 'H304', 1, 15),
(1087, 42, 'H304', 1, 15),
(1088, 43, 'H304', 1, 15),
(1089, 9, 'H305', 1, 15),
(1090, 10, 'H305', 1, 15),
(1091, 11, 'H305', 1, 15),
(1092, 12, 'H305', 1, 15),
(1093, 13, 'H305', 1, 15),
(1094, 14, 'H305', 1, 15),
(1095, 15, 'H305', 1, 15),
(1096, 16, 'H305', 1, 15),
(1097, 17, 'H305', 1, 15),
(1098, 18, 'H305', 1, 15),
(1099, 19, 'H305', 1, 15),
(1100, 20, 'H305', 1, 15),
(1101, 21, 'H305', 1, 15),
(1102, 22, 'H305', 1, 15),
(1103, 23, 'H305', 1, 15),
(1104, 24, 'H305', 1, 15),
(1105, 25, 'H305', 1, 15),
(1106, 26, 'H305', 1, 15),
(1107, 27, 'H305', 1, 15),
(1108, 28, 'H305', 1, 15),
(1109, 29, 'H305', 1, 15),
(1110, 30, 'H305', 1, 15),
(1111, 31, 'H305', 1, 15),
(1112, 32, 'H305', 1, 15),
(1113, 33, 'H305', 1, 15),
(1114, 34, 'H305', 1, 15),
(1115, 35, 'H305', 1, 15),
(1116, 36, 'H305', 1, 15),
(1117, 37, 'H305', 1, 15),
(1118, 38, 'H305', 1, 15),
(1119, 39, 'H305', 1, 15),
(1120, 40, 'H305', 1, 15),
(1121, 41, 'H305', 1, 15),
(1122, 42, 'H305', 1, 15),
(1123, 43, 'H305', 1, 15),
(1124, 9, 'H306', 1, 15),
(1125, 10, 'H306', 1, 15),
(1126, 11, 'H306', 1, 15),
(1127, 12, 'H306', 1, 15),
(1128, 13, 'H306', 1, 15),
(1129, 14, 'H306', 1, 15),
(1130, 15, 'H306', 1, 15),
(1131, 16, 'H306', 1, 15),
(1132, 17, 'H306', 1, 15),
(1133, 18, 'H306', 1, 15),
(1134, 19, 'H306', 1, 15),
(1135, 20, 'H306', 1, 15),
(1136, 21, 'H306', 1, 15),
(1137, 22, 'H306', 1, 15),
(1138, 23, 'H306', 1, 15),
(1139, 24, 'H306', 1, 15),
(1140, 25, 'H306', 1, 15),
(1141, 26, 'H306', 1, 15),
(1142, 27, 'H306', 1, 15),
(1143, 28, 'H306', 1, 15),
(1144, 29, 'H306', 1, 15),
(1145, 30, 'H306', 1, 15),
(1146, 31, 'H306', 1, 15),
(1147, 32, 'H306', 1, 15),
(1148, 33, 'H306', 1, 15),
(1149, 34, 'H306', 1, 15),
(1150, 35, 'H306', 1, 15),
(1151, 36, 'H306', 1, 15),
(1152, 37, 'H306', 1, 15),
(1153, 38, 'H306', 1, 15),
(1154, 39, 'H306', 1, 15),
(1155, 40, 'H306', 1, 15),
(1156, 41, 'H306', 1, 15),
(1157, 42, 'H306', 1, 15),
(1158, 43, 'H306', 1, 15),
(1159, 9, 'H401', 1, 15),
(1160, 10, 'H401', 1, 15),
(1161, 11, 'H401', 1, 15),
(1162, 12, 'H401', 1, 15),
(1163, 13, 'H401', 1, 15),
(1164, 14, 'H401', 1, 15),
(1165, 15, 'H401', 1, 15),
(1166, 16, 'H401', 1, 15),
(1167, 17, 'H401', 1, 15),
(1168, 18, 'H401', 1, 15),
(1169, 19, 'H401', 1, 15),
(1170, 20, 'H401', 1, 15),
(1171, 21, 'H401', 1, 15),
(1172, 22, 'H401', 1, 15),
(1173, 23, 'H401', 1, 15),
(1174, 24, 'H401', 1, 15),
(1175, 25, 'H401', 1, 15),
(1176, 26, 'H401', 1, 15),
(1177, 27, 'H401', 1, 15),
(1178, 28, 'H401', 1, 15),
(1179, 29, 'H401', 1, 15),
(1180, 30, 'H401', 1, 15),
(1181, 31, 'H401', 1, 15),
(1182, 32, 'H401', 1, 15),
(1183, 33, 'H401', 1, 15),
(1184, 34, 'H401', 1, 15),
(1185, 35, 'H401', 1, 15),
(1186, 36, 'H401', 1, 15),
(1187, 37, 'H401', 1, 15),
(1188, 38, 'H401', 1, 15),
(1189, 39, 'H401', 1, 15),
(1190, 40, 'H401', 1, 15),
(1191, 41, 'H401', 1, 15),
(1192, 42, 'H401', 1, 15),
(1193, 43, 'H401', 1, 15),
(1194, 9, 'H402', 1, 15),
(1195, 10, 'H402', 1, 15),
(1196, 11, 'H402', 1, 15),
(1197, 12, 'H402', 1, 15),
(1198, 13, 'H402', 1, 15),
(1199, 14, 'H402', 1, 15),
(1200, 15, 'H402', 1, 15),
(1201, 16, 'H402', 1, 15),
(1202, 17, 'H402', 1, 15),
(1203, 18, 'H402', 1, 15),
(1204, 19, 'H402', 1, 15),
(1205, 20, 'H402', 1, 15),
(1206, 21, 'H402', 1, 15),
(1207, 22, 'H402', 1, 15),
(1208, 23, 'H402', 1, 15),
(1209, 24, 'H402', 1, 15),
(1210, 25, 'H402', 1, 15),
(1211, 26, 'H402', 1, 15),
(1212, 27, 'H402', 1, 15),
(1213, 28, 'H402', 1, 15),
(1214, 29, 'H402', 1, 15),
(1215, 30, 'H402', 1, 15),
(1216, 31, 'H402', 1, 15),
(1217, 32, 'H402', 1, 15),
(1218, 33, 'H402', 1, 15),
(1219, 34, 'H402', 1, 15),
(1220, 35, 'H402', 1, 15),
(1221, 36, 'H402', 1, 15),
(1222, 37, 'H402', 1, 15),
(1223, 38, 'H402', 1, 15),
(1224, 39, 'H402', 1, 15),
(1225, 40, 'H402', 1, 15),
(1226, 41, 'H402', 1, 15),
(1227, 42, 'H402', 1, 15),
(1228, 43, 'H402', 1, 15),
(1229, 9, 'H403', 1, 15),
(1230, 10, 'H403', 1, 15),
(1231, 11, 'H403', 1, 15),
(1232, 12, 'H403', 1, 15),
(1233, 13, 'H403', 1, 15),
(1234, 14, 'H403', 1, 15),
(1235, 15, 'H403', 1, 15),
(1236, 16, 'H403', 1, 15),
(1237, 17, 'H403', 1, 15),
(1238, 18, 'H403', 1, 15),
(1239, 19, 'H403', 1, 15),
(1240, 20, 'H403', 1, 15),
(1241, 21, 'H403', 1, 15),
(1242, 22, 'H403', 1, 15),
(1243, 23, 'H403', 1, 15),
(1244, 24, 'H403', 1, 15),
(1245, 25, 'H403', 1, 15),
(1246, 26, 'H403', 1, 15),
(1247, 27, 'H403', 1, 15),
(1248, 28, 'H403', 1, 15),
(1249, 29, 'H403', 1, 15),
(1250, 30, 'H403', 1, 15),
(1251, 31, 'H403', 1, 15),
(1252, 32, 'H403', 1, 15),
(1253, 33, 'H403', 1, 15),
(1254, 34, 'H403', 1, 15),
(1255, 35, 'H403', 1, 15),
(1256, 36, 'H403', 1, 15),
(1257, 37, 'H403', 1, 15),
(1258, 38, 'H403', 1, 15),
(1259, 39, 'H403', 1, 15),
(1260, 40, 'H403', 1, 15),
(1261, 41, 'H403', 1, 15),
(1262, 42, 'H403', 1, 15),
(1263, 43, 'H403', 1, 15),
(1264, 9, 'H404', 1, 15),
(1265, 10, 'H404', 1, 15),
(1266, 11, 'H404', 1, 15),
(1267, 12, 'H404', 1, 15),
(1268, 13, 'H404', 1, 15),
(1269, 14, 'H404', 1, 15),
(1270, 15, 'H404', 1, 15),
(1271, 16, 'H404', 1, 15),
(1272, 17, 'H404', 1, 15),
(1273, 18, 'H404', 1, 15),
(1274, 19, 'H404', 1, 15),
(1275, 20, 'H404', 1, 15),
(1276, 21, 'H404', 1, 15),
(1277, 22, 'H404', 1, 15),
(1278, 23, 'H404', 1, 15),
(1279, 24, 'H404', 1, 15),
(1280, 25, 'H404', 1, 15),
(1281, 26, 'H404', 1, 15),
(1282, 27, 'H404', 1, 15),
(1283, 28, 'H404', 1, 15),
(1284, 29, 'H404', 1, 15),
(1285, 30, 'H404', 1, 15),
(1286, 31, 'H404', 1, 15),
(1287, 32, 'H404', 1, 15),
(1288, 33, 'H404', 1, 15),
(1289, 34, 'H404', 1, 15),
(1290, 35, 'H404', 1, 15),
(1291, 36, 'H404', 1, 15),
(1292, 37, 'H404', 1, 15),
(1293, 38, 'H404', 1, 15),
(1294, 39, 'H404', 1, 15),
(1295, 40, 'H404', 1, 15),
(1296, 41, 'H404', 1, 15),
(1297, 42, 'H404', 1, 15),
(1298, 43, 'H404', 1, 15),
(1299, 9, 'H405', 1, 15),
(1300, 10, 'H405', 1, 15),
(1301, 11, 'H405', 1, 15),
(1302, 12, 'H405', 1, 15),
(1303, 13, 'H405', 1, 15),
(1304, 14, 'H405', 1, 15),
(1305, 15, 'H405', 1, 15),
(1306, 16, 'H405', 1, 15),
(1307, 17, 'H405', 1, 15),
(1308, 18, 'H405', 1, 15),
(1309, 19, 'H405', 1, 15),
(1310, 20, 'H405', 1, 15),
(1311, 21, 'H405', 1, 15),
(1312, 22, 'H405', 1, 15),
(1313, 23, 'H405', 1, 15),
(1314, 24, 'H405', 1, 15),
(1315, 25, 'H405', 1, 15),
(1316, 26, 'H405', 1, 15),
(1317, 27, 'H405', 1, 15),
(1318, 28, 'H405', 1, 15),
(1319, 29, 'H405', 1, 15),
(1320, 30, 'H405', 1, 15),
(1321, 31, 'H405', 1, 15),
(1322, 32, 'H405', 1, 15),
(1323, 33, 'H405', 1, 15),
(1324, 34, 'H405', 1, 15),
(1325, 35, 'H405', 1, 15),
(1326, 36, 'H405', 1, 15),
(1327, 37, 'H405', 1, 15),
(1328, 38, 'H405', 1, 15),
(1329, 39, 'H405', 1, 15),
(1330, 40, 'H405', 1, 15),
(1331, 41, 'H405', 1, 15),
(1332, 42, 'H405', 1, 15),
(1333, 43, 'H405', 1, 15),
(1334, 9, 'H406', 1, 15),
(1335, 10, 'H406', 1, 15),
(1336, 11, 'H406', 1, 15),
(1337, 12, 'H406', 1, 15),
(1338, 13, 'H406', 1, 15),
(1339, 14, 'H406', 1, 15),
(1340, 15, 'H406', 1, 15),
(1341, 16, 'H406', 1, 15),
(1342, 17, 'H406', 1, 15),
(1343, 18, 'H406', 1, 15),
(1344, 19, 'H406', 1, 15),
(1345, 20, 'H406', 1, 15),
(1346, 21, 'H406', 1, 15),
(1347, 22, 'H406', 1, 15),
(1348, 23, 'H406', 1, 15),
(1349, 24, 'H406', 1, 15),
(1350, 25, 'H406', 1, 15),
(1351, 26, 'H406', 1, 15),
(1352, 27, 'H406', 1, 15),
(1353, 28, 'H406', 1, 15),
(1354, 29, 'H406', 1, 15),
(1355, 30, 'H406', 1, 15),
(1356, 31, 'H406', 1, 15),
(1357, 32, 'H406', 1, 15),
(1358, 33, 'H406', 1, 15),
(1359, 34, 'H406', 1, 15),
(1360, 35, 'H406', 1, 15),
(1361, 36, 'H406', 1, 15),
(1362, 37, 'H406', 1, 15),
(1363, 38, 'H406', 1, 15),
(1364, 39, 'H406', 1, 15),
(1365, 40, 'H406', 1, 15),
(1366, 41, 'H406', 1, 15),
(1367, 42, 'H406', 1, 15),
(1368, 43, 'H406', 1, 15);

-- --------------------------------------------------------

--
-- Estructura de tabla para la tabla `materias`
--

CREATE TABLE `materias` (
  `cod_materia` varchar(20) NOT NULL,
  `nombre_materia` varchar(100) NOT NULL,
  `departamento` varchar(45) NOT NULL,
  `horas_semana` int(5) NOT NULL
) ENGINE=InnoDB DEFAULT CHARSET=utf8;

--
-- Volcado de datos para la tabla `materias`
--

INSERT INTO `materias` (`cod_materia`, `nombre_materia`, `departamento`, `horas_semana`) VALUES
('CADMA0G00', 'Gestión  y Emprendimiento', '', 4),
('CHUMA0100', 'Metodología de la Investigación Científica', '', 4),
('COMPA0F03', 'Modelos Discretos para Ingeniería SO', '', 6),
('COMPA0G01', 'Fundamentos de la Ingeniería de Software', '', 4),
('COMPA0G02', 'Metodologías de Desarrollo Software', '', 6),
('COMPA0G04', 'Ingeniería de Usabilidad', '', 4),
('COMPA0G06', 'Modelos de Procesos de Desarrollo de Software', '', 4),
('COMPA0G07', 'Programación Web', '', 6),
('COMPA0G09', 'Desarrollo Web Avanzado', '', 6),
('COMPA0G10', 'Ingenieria de Requisitos de Software', '', 6),
('COMPA0G11', 'Análisis y diseño de software', '', 4),
('COMPA0G12', 'Desarrollo de Aplicaciones Móviles', '', 4),
('COMPA0G15', 'Pruebas  de Software', '', 4),
('COMPA0G16', 'Aplicaciones Distribuidas', '', 4),
('COMPA0G18', 'Aseguramiento de la Calidad de Software', '', 4),
('COMPA0G19', 'Desarrollo de Software  Seguro', '', 4),
('COMPA0G21', 'Arquitectura de Software', '', 4),
('COMPA0G23', 'Construcción y Evolución del Software', '', 4),
('COMPA0G24', 'Desarrollo de Software Aplicado al Dominio de la Interculturalidad', '', 4),
('COMPA0G25', 'Gestión de Proyectos de Software', '', 4),
('COMPA0H02', 'Sistemas de Bases de Datos', '', 6),
('COMPA0H04', 'Sistemas Avanzados de Bases de Datos', '', 6),
('COMPA0I01', 'Computación Digital', '', 6),
('COMPA0I07', 'Redes de Computadores', '', 4),
('COMPA0I08', 'Sistemas Operativos', '', 4),
('COMPA0I09', 'Ingeniería de la Seguridad del Software', '', 4),
('COMPA0J01', 'Fundamentos de Programación', '', 6),
('COMPA0J07', 'Programación Orientada a Objetos', '', 6),
('COMPA0J08', 'Programación Orientada a Objetos', '', 8),
('COMPA0J09', 'Estructura de Datos', '', 6),
('COMPA0J11', 'Computación Paralela', '', 4),
('COMPA0J13', 'Computacion Gráfica', '', 4),
('COMPA0J14', 'Desarrollo de Video Juegos', '', 4),
('COMPA0K01', 'Investigación en la Ingeniería de Software', '', 4),
('COMPA0K03', 'Lectura y Escritura de Textos Académicos', '', 4),
('COMPA0L03', 'Aplicaciones Basadas en el Conocimiento', '', 6),
('EXCTA0001', 'Física I', '', 4),
('EXCTA0201', 'Química I', '', 6),
('EXCTA0301', 'Calculo Diferencial e Integral', '', 6),
('EXCTA0302', 'Álgebra Lineal', '', 4),
('EXCTA0303', 'Calculo Vectorial', '', 4),
('EXCTA0401', 'Ecuaciones Diferenciales Ordinarias', '', 4),
('EXCTA0402', 'Métodos Numéricos', '', 4),
('EXCTA0501', 'Estadística', '', 6),
('SEGDA0000', 'Liderazgo', '', 4),
('SEGDA0100', 'Realidad Nacional y Geopolítica', '', 4),
('TCONA0301', 'Cultura Ambiental', '', 4);

-- --------------------------------------------------------

--
-- Estructura de tabla para la tabla `perfiles`
--

CREATE TABLE `perfiles` (
  `id_perfil` int(11) NOT NULL,
  `tipo_perfil` varchar(45) NOT NULL,
  `privilegios` varchar(300) NOT NULL
) ENGINE=InnoDB DEFAULT CHARSET=utf8;

--
-- Volcado de datos para la tabla `perfiles`
--

INSERT INTO `perfiles` (`id_perfil`, `tipo_perfil`, `privilegios`) VALUES
(1, 'admin', 'todos'),
(2, 'docente', 'registros,usuarios');

-- --------------------------------------------------------

--
-- Estructura de tabla para la tabla `periodos`
--

CREATE TABLE `periodos` (
  `id_periodo` int(11) NOT NULL,
  `nombre_periodo` varchar(45) NOT NULL,
  `fecha_inicio` date NOT NULL,
  `fecha_fin` date NOT NULL
) ENGINE=InnoDB DEFAULT CHARSET=utf8;

--
-- Volcado de datos para la tabla `periodos`
--

INSERT INTO `periodos` (`id_periodo`, `nombre_periodo`, `fecha_inicio`, `fecha_fin`) VALUES
(15, '2024-18ABR-18AGO', '2024-04-18', '2024-08-18');

-- --------------------------------------------------------

--
-- Estructura de tabla para la tabla `periodos_docentes`
--

CREATE TABLE `periodos_docentes` (
  `id_periodo_docente` int(11) NOT NULL,
  `id_periodo` int(11) NOT NULL,
  `id_docente` varchar(45) NOT NULL,
  `horas_asignadas` int(11) NOT NULL DEFAULT '0'
) ENGINE=InnoDB DEFAULT CHARSET=utf8;

--
-- Volcado de datos para la tabla `periodos_docentes`
--

INSERT INTO `periodos_docentes` (`id_periodo_docente`, `id_periodo`, `id_docente`, `horas_asignadas`) VALUES
(22, 15, 'L00111111', 16),
(23, 15, 'L00181070', 10),
(24, 15, 'L00181079', 16);

-- --------------------------------------------------------

--
-- Estructura de tabla para la tabla `periodos_horarios`
--

CREATE TABLE `periodos_horarios` (
  `id_periodo_horario` int(11) NOT NULL,
  `id_periodo` int(11) NOT NULL,
  `id_horario` int(11) NOT NULL
) ENGINE=InnoDB DEFAULT CHARSET=utf8;

--
-- Volcado de datos para la tabla `periodos_horarios`
--

INSERT INTO `periodos_horarios` (`id_periodo_horario`, `id_periodo`, `id_horario`) VALUES
(46, 15, 9),
(47, 15, 10),
(48, 15, 11),
(49, 15, 12),
(50, 15, 13),
(51, 15, 14),
(52, 15, 15),
(53, 15, 16),
(54, 15, 17),
(55, 15, 18),
(56, 15, 19),
(57, 15, 20),
(58, 15, 21),
(59, 15, 22),
(60, 15, 23),
(61, 15, 24),
(62, 15, 25),
(63, 15, 26),
(64, 15, 27),
(65, 15, 28),
(66, 15, 29),
(67, 15, 30),
(68, 15, 31),
(69, 15, 32),
(70, 15, 33),
(71, 15, 34),
(72, 15, 35),
(73, 15, 36),
(74, 15, 37),
(75, 15, 38),
(76, 15, 39),
(77, 15, 40),
(78, 15, 41),
(79, 15, 42),
(80, 15, 43);

-- --------------------------------------------------------

--
-- Estructura de tabla para la tabla `usuarios`
--

CREATE TABLE `usuarios` (
  `id_usuario` varchar(20) NOT NULL,
  `nombre` varchar(45) NOT NULL,
  `apellido` varchar(45) NOT NULL,
  `usuario` varchar(45) NOT NULL,
  `clave` varchar(45) NOT NULL,
  `id_perfil` int(11) NOT NULL
) ENGINE=InnoDB DEFAULT CHARSET=utf8;

--
-- Volcado de datos para la tabla `usuarios`
--

INSERT INTO `usuarios` (`id_usuario`, `nombre`, `apellido`, `usuario`, `clave`, `id_perfil`) VALUES
('L00000001', 'admin', 'admin', 'admin', 'admin', 1);

--
-- Índices para tablas volcadas
--

--
-- Indices de la tabla `aulas`
--
ALTER TABLE `aulas`
  ADD PRIMARY KEY (`id_aula`);

--
-- Indices de la tabla `carreras`
--
ALTER TABLE `carreras`
  ADD PRIMARY KEY (`id_carrera`);

--
-- Indices de la tabla `carreras_cursos`
--
ALTER TABLE `carreras_cursos`
  ADD PRIMARY KEY (`id_carrera_curso`,`id_carrera`,`id_curso`),
  ADD KEY `fk_carreras_has_cursos_carreras1` (`id_carrera`),
  ADD KEY `fk_carreras_has_cursos_cursos1` (`id_curso`);

--
-- Indices de la tabla `cursos`
--
ALTER TABLE `cursos`
  ADD PRIMARY KEY (`id_curso`,`periodos_id_periodo`,`cod_materia`,`horarios_id_horario`,`id_aula`),
  ADD KEY `fk_cursos_docentes1` (`id_docente`),
  ADD KEY `fk_cursos_materias1` (`cod_materia`),
  ADD KEY `fk_cursos_aulas1` (`id_aula`),
  ADD KEY `fk_cursos_periodos1` (`periodos_id_periodo`),
  ADD KEY `fk_cursos_horarios1` (`horarios_id_horario`);

--
-- Indices de la tabla `docentes`
--
ALTER TABLE `docentes`
  ADD PRIMARY KEY (`id_docente`);

--
-- Indices de la tabla `horarios`
--
ALTER TABLE `horarios`
  ADD PRIMARY KEY (`id_horario`);

--
-- Indices de la tabla `horarios_aulas`
--
ALTER TABLE `horarios_aulas`
  ADD PRIMARY KEY (`id_horario__aula`,`id_horario`,`id_aula`),
  ADD KEY `fk_horarios_has_aulas_horarios1` (`id_horario`),
  ADD KEY `fk_horarios_has_aulas_aulas1` (`id_aula`),
  ADD KEY `fk_horarios_aulas_periodos` (`id_periodo`);

--
-- Indices de la tabla `materias`
--
ALTER TABLE `materias`
  ADD PRIMARY KEY (`cod_materia`);

--
-- Indices de la tabla `perfiles`
--
ALTER TABLE `perfiles`
  ADD PRIMARY KEY (`id_perfil`);

--
-- Indices de la tabla `periodos`
--
ALTER TABLE `periodos`
  ADD PRIMARY KEY (`id_periodo`);

--
-- Indices de la tabla `periodos_docentes`
--
ALTER TABLE `periodos_docentes`
  ADD PRIMARY KEY (`id_periodo_docente`,`id_periodo`,`id_docente`),
  ADD KEY `fk_periodos_has_docentes_periodos1` (`id_periodo`),
  ADD KEY `fk_periodos_has_docentes_docentes1` (`id_docente`);

--
-- Indices de la tabla `periodos_horarios`
--
ALTER TABLE `periodos_horarios`
  ADD PRIMARY KEY (`id_periodo_horario`,`id_periodo`,`id_horario`),
  ADD KEY `fk_periodos_has_horarios_periodos` (`id_periodo`),
  ADD KEY `fk_periodos_has_horarios_horarios1` (`id_horario`);

--
-- Indices de la tabla `usuarios`
--
ALTER TABLE `usuarios`
  ADD PRIMARY KEY (`id_usuario`,`id_perfil`),
  ADD KEY `fk_usuarios_perfiles1` (`id_perfil`);

--
-- AUTO_INCREMENT de las tablas volcadas
--

--
-- AUTO_INCREMENT de la tabla `carreras`
--
ALTER TABLE `carreras`
  MODIFY `id_carrera` int(11) NOT NULL AUTO_INCREMENT, AUTO_INCREMENT=5;

--
-- AUTO_INCREMENT de la tabla `carreras_cursos`
--
ALTER TABLE `carreras_cursos`
  MODIFY `id_carrera_curso` int(11) NOT NULL AUTO_INCREMENT, AUTO_INCREMENT=17;

--
-- AUTO_INCREMENT de la tabla `cursos`
--
ALTER TABLE `cursos`
  MODIFY `id_curso` int(11) NOT NULL AUTO_INCREMENT, AUTO_INCREMENT=88;

--
-- AUTO_INCREMENT de la tabla `horarios`
--
ALTER TABLE `horarios`
  MODIFY `id_horario` int(11) NOT NULL AUTO_INCREMENT, AUTO_INCREMENT=44;

--
-- AUTO_INCREMENT de la tabla `horarios_aulas`
--
ALTER TABLE `horarios_aulas`
  MODIFY `id_horario__aula` int(11) NOT NULL AUTO_INCREMENT, AUTO_INCREMENT=1369;

--
-- AUTO_INCREMENT de la tabla `perfiles`
--
ALTER TABLE `perfiles`
  MODIFY `id_perfil` int(11) NOT NULL AUTO_INCREMENT, AUTO_INCREMENT=4;

--
-- AUTO_INCREMENT de la tabla `periodos`
--
ALTER TABLE `periodos`
  MODIFY `id_periodo` int(11) NOT NULL AUTO_INCREMENT, AUTO_INCREMENT=16;

--
-- AUTO_INCREMENT de la tabla `periodos_docentes`
--
ALTER TABLE `periodos_docentes`
  MODIFY `id_periodo_docente` int(11) NOT NULL AUTO_INCREMENT, AUTO_INCREMENT=25;

--
-- AUTO_INCREMENT de la tabla `periodos_horarios`
--
ALTER TABLE `periodos_horarios`
  MODIFY `id_periodo_horario` int(11) NOT NULL AUTO_INCREMENT, AUTO_INCREMENT=81;

--
-- Restricciones para tablas volcadas
--

--
-- Filtros para la tabla `carreras_cursos`
--
ALTER TABLE `carreras_cursos`
  ADD CONSTRAINT `fk_carreras_has_cursos_carreras1` FOREIGN KEY (`id_carrera`) REFERENCES `carreras` (`id_carrera`),
  ADD CONSTRAINT `fk_carreras_has_cursos_cursos1` FOREIGN KEY (`id_curso`) REFERENCES `cursos` (`id_curso`);

--
-- Filtros para la tabla `cursos`
--
ALTER TABLE `cursos`
  ADD CONSTRAINT `fk_cursos_aulas1` FOREIGN KEY (`id_aula`) REFERENCES `aulas` (`id_aula`),
  ADD CONSTRAINT `fk_cursos_horarios1` FOREIGN KEY (`horarios_id_horario`) REFERENCES `horarios` (`id_horario`),
  ADD CONSTRAINT `fk_cursos_materias1` FOREIGN KEY (`cod_materia`) REFERENCES `materias` (`cod_materia`),
  ADD CONSTRAINT `fk_cursos_periodos1` FOREIGN KEY (`periodos_id_periodo`) REFERENCES `periodos` (`id_periodo`);

--
-- Filtros para la tabla `horarios_aulas`
--
ALTER TABLE `horarios_aulas`
  ADD CONSTRAINT `fk_horarios_aulas_periodos` FOREIGN KEY (`id_periodo`) REFERENCES `periodos` (`id_periodo`),
  ADD CONSTRAINT `fk_horarios_has_aulas_aulas1` FOREIGN KEY (`id_aula`) REFERENCES `aulas` (`id_aula`),
  ADD CONSTRAINT `fk_horarios_has_aulas_horarios1` FOREIGN KEY (`id_horario`) REFERENCES `horarios` (`id_horario`);

--
-- Filtros para la tabla `periodos_docentes`
--
ALTER TABLE `periodos_docentes`
  ADD CONSTRAINT `fk_periodos_has_docentes_docentes1` FOREIGN KEY (`id_docente`) REFERENCES `docentes` (`id_docente`),
  ADD CONSTRAINT `fk_periodos_has_docentes_periodos1` FOREIGN KEY (`id_periodo`) REFERENCES `periodos` (`id_periodo`);

--
-- Filtros para la tabla `periodos_horarios`
--
ALTER TABLE `periodos_horarios`
  ADD CONSTRAINT `fk_periodos_has_horarios_horarios1` FOREIGN KEY (`id_horario`) REFERENCES `horarios` (`id_horario`),
  ADD CONSTRAINT `fk_periodos_has_horarios_periodos` FOREIGN KEY (`id_periodo`) REFERENCES `periodos` (`id_periodo`);

--
-- Filtros para la tabla `usuarios`
--
ALTER TABLE `usuarios`
  ADD CONSTRAINT `fk_usuarios_perfiles1` FOREIGN KEY (`id_perfil`) REFERENCES `perfiles` (`id_perfil`);
COMMIT;

/*!40101 SET CHARACTER_SET_CLIENT=@OLD_CHARACTER_SET_CLIENT */;
/*!40101 SET CHARACTER_SET_RESULTS=@OLD_CHARACTER_SET_RESULTS */;
/*!40101 SET COLLATION_CONNECTION=@OLD_COLLATION_CONNECTION */;
