-- phpMyAdmin SQL Dump
-- version 4.9.1
-- https://www.phpmyadmin.net/
--
-- Servidor: localhost
-- Tiempo de generación: 11-03-2024 a las 09:36:09
-- Versión del servidor: 8.0.17
-- Versión de PHP: 7.3.10

SET SQL_MODE = "NO_AUTO_VALUE_ON_ZERO";
SET AUTOCOMMIT = 0;
START TRANSACTION;
SET time_zone = "+00:00";


/*!40101 SET @OLD_CHARACTER_SET_CLIENT=@@CHARACTER_SET_CLIENT */;
/*!40101 SET @OLD_CHARACTER_SET_RESULTS=@@CHARACTER_SET_RESULTS */;
/*!40101 SET @OLD_COLLATION_CONNECTION=@@COLLATION_CONNECTION */;
/*!40101 SET NAMES utf8mb4 */;

--
-- Base de datos: `proyecto_14768`
--

-- --------------------------------------------------------

--
-- Estructura de tabla para la tabla `aulas`
--

CREATE TABLE `aulas` (
  `id_aula` int(11) NOT NULL,
  `cod_aula` varchar(30) NOT NULL,
  `capacidad` int(11) NOT NULL,
  `bloque` varchar(10) NOT NULL
) ENGINE=InnoDB DEFAULT CHARSET=utf8;

--
-- Volcado de datos para la tabla `aulas`
--

INSERT INTO `aulas` (`id_aula`, `cod_aula`, `capacidad`, `bloque`) VALUES
(6, 'G201', 25, 'G'),
(7, 'G202', 25, 'G'),
(8, 'G203', 25, 'G'),
(9, 'G204', 25, 'G'),
(10, 'G205', 25, 'G'),
(11, 'G206', 25, 'G'),
(12, 'G301', 25, 'G'),
(13, 'G302', 25, 'G'),
(14, 'G303', 25, 'G'),
(15, 'G304', 25, 'G'),
(16, 'G305', 25, 'G'),
(17, 'G306', 25, 'G'),
(18, 'G401', 25, 'G'),
(19, 'G402', 25, 'G'),
(20, 'G403', 25, 'G'),
(21, 'G404', 25, 'G'),
(22, 'G405', 25, 'G'),
(23, 'G406', 25, 'G'),
(24, 'H201', 25, 'H'),
(25, 'H202', 25, 'H'),
(26, 'H203', 25, 'H'),
(27, 'H204', 25, 'H'),
(28, 'H205', 25, 'H'),
(29, 'H206', 25, 'H'),
(30, 'H301', 25, 'H'),
(31, 'H302', 25, 'H'),
(32, 'H303', 25, 'H'),
(33, 'H304', 25, 'H'),
(34, 'H305', 25, 'H'),
(35, 'H306', 25, 'H'),
(36, 'H401', 25, 'H'),
(37, 'H402', 25, 'H'),
(38, 'H403', 25, 'H'),
(39, 'H404', 25, 'H'),
(40, 'H405', 25, 'H'),
(41, 'H406', 25, 'H');

-- --------------------------------------------------------

--
-- Estructura de tabla para la tabla `carreras`
--

CREATE TABLE `carreras` (
  `id_carrera` int(11) NOT NULL,
  `nombre_carrera` varchar(100) NOT NULL
) ENGINE=InnoDB DEFAULT CHARSET=utf8;

--
-- Volcado de datos para la tabla `carreras`
--

INSERT INTO `carreras` (`id_carrera`, `nombre_carrera`) VALUES
(3, 'Ingeniería de Software'),
(4, 'TICS');

-- --------------------------------------------------------

--
-- Estructura de tabla para la tabla `carreras_cursos`
--

CREATE TABLE `carreras_cursos` (
  `id_carrera_curso` int(11) NOT NULL,
  `id_carrera` int(11) NOT NULL,
  `id_curso` int(11) NOT NULL
) ENGINE=InnoDB DEFAULT CHARSET=utf8;

--
-- Volcado de datos para la tabla `carreras_cursos`
--

INSERT INTO `carreras_cursos` (`id_carrera_curso`, `id_carrera`, `id_curso`) VALUES
(5, 3, 33),
(7, 3, 34),
(8, 3, 35),
(9, 4, 35);

-- --------------------------------------------------------

--
-- Estructura de tabla para la tabla `cursos`
--

CREATE TABLE `cursos` (
  `id_curso` int(11) NOT NULL,
  `nrc` int(11) NOT NULL,
  `periodos_id_periodo` int(11) NOT NULL,
  `id_docente` int(11) NOT NULL,
  `id_materia` int(11) NOT NULL
) ENGINE=InnoDB DEFAULT CHARSET=utf8;

--
-- Volcado de datos para la tabla `cursos`
--

INSERT INTO `cursos` (`id_curso`, `nrc`, `periodos_id_periodo`, `id_docente`, `id_materia`) VALUES
(33, 100, 4, 8, 14),
(34, 101, 4, 8, 14),
(35, 102, 4, 9, 14),
(36, 3454, 4, 0, 7),
(38, 2565, 6, 0, 7);

-- --------------------------------------------------------

--
-- Estructura de tabla para la tabla `docentes`
--

CREATE TABLE `docentes` (
  `id_docente` int(11) NOT NULL,
  `id_usuario` int(11) NOT NULL,
  `horas_disponibles` int(5) NOT NULL,
  `tipo_contrato` varchar(45) NOT NULL,
  `correo` varchar(100) NOT NULL,
  `nivel_educacion` varchar(100) NOT NULL,
  `especializacion` varchar(100) NOT NULL,
  `celular` varchar(20) NOT NULL,
  `cedula` varchar(20) NOT NULL,
  `estado` int(5) NOT NULL DEFAULT '1'
) ENGINE=InnoDB DEFAULT CHARSET=utf8;

--
-- Volcado de datos para la tabla `docentes`
--

INSERT INTO `docentes` (`id_docente`, `id_usuario`, `horas_disponibles`, `tipo_contrato`, `correo`, `nivel_educacion`, `especializacion`, `celular`, `cedula`, `estado`) VALUES
(8, 11, 16, 'COMPLETO', 'sddrouet@espe.edu.ec', 'SUPERIOR', 'Computacion', '0991948764', '1756941678', 1),
(9, 12, 16, 'COMPLETO', 'jjgonzaga@espe.edu.ec', 'MAESTRIA', 'Web', '0964978130', '1550107151', 1),
(10, 13, 8, 'MEDIO', 'aaParedes@espe.edu.ec', 'MAESTRIA', 'Videojuegos', '0994816484', '0928468018', 1),
(11, 14, 8, 'OCACIONAL', 'marta@gmail.com', 'DOCTORADO', 'Inteligencia Artificial', '0994894949', '0684919819', 1);

-- --------------------------------------------------------

--
-- Estructura de tabla para la tabla `horarios`
--

CREATE TABLE `horarios` (
  `id_horario` int(11) NOT NULL,
  `dia` varchar(45) NOT NULL,
  `hora_inicio` time NOT NULL,
  `hora_fin` time NOT NULL
) ENGINE=InnoDB DEFAULT CHARSET=utf8;

--
-- Volcado de datos para la tabla `horarios`
--

INSERT INTO `horarios` (`id_horario`, `dia`, `hora_inicio`, `hora_fin`) VALUES
(4, 'LUNES', '07:01:00', '08:59:00'),
(5, 'LUNES', '09:01:00', '10:59:00'),
(6, 'LUNES', '11:01:00', '12:59:00'),
(7, 'LUNES', '13:31:00', '15:29:00'),
(8, 'LUNES', '15:31:00', '17:29:00'),
(9, 'LUNES', '17:31:00', '19:29:00'),
(10, 'LUNES', '19:31:00', '21:29:00'),
(11, 'MARTES', '07:01:00', '08:59:00'),
(12, 'MARTES', '09:01:00', '10:59:00'),
(13, 'MARTES', '11:01:00', '12:59:00'),
(14, 'MARTES', '13:31:00', '15:29:00'),
(15, 'MARTES', '15:31:00', '17:29:00'),
(16, 'MARTES', '17:31:00', '19:29:00'),
(17, 'MARTES', '19:31:00', '21:29:00'),
(18, 'MIERCOLES', '07:01:00', '08:59:00'),
(19, 'MIERCOLES', '09:01:00', '10:59:00'),
(20, 'MIERCOLES', '11:01:00', '12:59:00'),
(21, 'MIERCOLES', '13:31:00', '15:29:00'),
(22, 'MIERCOLES', '15:31:00', '17:29:00'),
(23, 'MIERCOLES', '17:31:00', '19:29:00'),
(24, 'MIERCOLES', '19:31:00', '21:29:00'),
(25, 'JUEVES', '07:01:00', '08:59:00'),
(26, 'JUEVES', '09:01:00', '10:59:00'),
(27, 'JUEVES', '11:01:00', '12:59:00'),
(28, 'JUEVES', '13:31:00', '15:29:00'),
(29, 'JUEVES', '15:31:00', '17:29:00'),
(30, 'JUEVES', '17:31:00', '19:29:00'),
(31, 'JUEVES', '19:31:00', '21:29:00'),
(32, 'VIERNES', '07:01:00', '08:59:00'),
(33, 'VIERNES', '09:01:00', '10:59:00'),
(34, 'VIERNES', '11:01:00', '12:59:00'),
(35, 'VIERNES', '13:31:00', '15:29:00'),
(36, 'VIERNES', '15:31:00', '17:29:00'),
(37, 'VIERNES', '17:31:00', '19:29:00'),
(38, 'VIERNES', '19:31:00', '21:29:00');

-- --------------------------------------------------------

--
-- Estructura de tabla para la tabla `horarios_aulas`
--

CREATE TABLE `horarios_aulas` (
  `id_horario__aula` int(11) NOT NULL,
  `id_horario` int(11) NOT NULL,
  `id_aula` int(11) NOT NULL,
  `disponible` int(11) NOT NULL DEFAULT '1',
  `id_periodo` int(11) NOT NULL
) ENGINE=InnoDB DEFAULT CHARSET=utf8;

--
-- Volcado de datos para la tabla `horarios_aulas`
--

INSERT INTO `horarios_aulas` (`id_horario__aula`, `id_horario`, `id_aula`, `disponible`, `id_periodo`) VALUES
(10, 4, 6, 0, 4),
(11, 5, 6, 0, 4),
(12, 6, 6, 0, 4),
(13, 7, 6, 1, 4),
(14, 8, 6, 1, 4),
(15, 9, 6, 1, 4),
(16, 10, 6, 1, 4),
(17, 11, 6, 1, 4),
(18, 12, 6, 1, 4),
(19, 13, 6, 1, 4),
(20, 14, 6, 0, 4),
(21, 15, 6, 1, 4),
(22, 16, 6, 1, 4),
(23, 17, 6, 1, 4),
(24, 18, 6, 0, 4),
(25, 19, 6, 0, 4),
(26, 20, 6, 0, 4),
(27, 21, 6, 1, 4),
(28, 22, 6, 1, 4),
(29, 23, 6, 1, 4),
(30, 24, 6, 1, 4),
(31, 25, 6, 1, 4),
(32, 26, 6, 1, 4),
(33, 27, 6, 1, 4),
(34, 28, 6, 0, 4),
(35, 29, 6, 1, 4),
(36, 30, 6, 1, 4),
(37, 31, 6, 1, 4),
(38, 32, 6, 0, 4),
(39, 33, 6, 0, 4),
(40, 34, 6, 0, 4),
(41, 35, 6, 1, 4),
(42, 36, 6, 1, 4),
(43, 37, 6, 1, 4),
(44, 38, 6, 1, 4),
(45, 4, 7, 1, 4),
(46, 5, 7, 1, 4),
(47, 6, 7, 1, 4),
(48, 7, 7, 1, 4),
(49, 8, 7, 1, 4),
(50, 9, 7, 1, 4),
(51, 10, 7, 1, 4),
(52, 11, 7, 1, 4),
(53, 12, 7, 1, 4),
(54, 13, 7, 1, 4),
(55, 14, 7, 1, 4),
(56, 15, 7, 1, 4),
(57, 16, 7, 1, 4),
(58, 17, 7, 1, 4),
(59, 18, 7, 1, 4),
(60, 19, 7, 1, 4),
(61, 20, 7, 1, 4),
(62, 21, 7, 1, 4),
(63, 22, 7, 1, 4),
(64, 23, 7, 1, 4),
(65, 24, 7, 1, 4),
(66, 25, 7, 1, 4),
(67, 26, 7, 1, 4),
(68, 27, 7, 1, 4),
(69, 28, 7, 1, 4),
(70, 29, 7, 1, 4),
(71, 30, 7, 1, 4),
(72, 31, 7, 1, 4),
(73, 32, 7, 1, 4),
(74, 33, 7, 1, 4),
(75, 34, 7, 1, 4),
(76, 35, 7, 1, 4),
(77, 36, 7, 1, 4),
(78, 37, 7, 1, 4),
(79, 38, 7, 1, 4),
(80, 4, 8, 1, 4),
(81, 5, 8, 1, 4),
(82, 6, 8, 1, 4),
(83, 7, 8, 1, 4),
(84, 8, 8, 1, 4),
(85, 9, 8, 1, 4),
(86, 10, 8, 1, 4),
(87, 11, 8, 1, 4),
(88, 12, 8, 1, 4),
(89, 13, 8, 1, 4),
(90, 14, 8, 1, 4),
(91, 15, 8, 1, 4),
(92, 16, 8, 1, 4),
(93, 17, 8, 1, 4),
(94, 18, 8, 1, 4),
(95, 19, 8, 1, 4),
(96, 20, 8, 1, 4),
(97, 21, 8, 1, 4),
(98, 22, 8, 1, 4),
(99, 23, 8, 1, 4),
(100, 24, 8, 1, 4),
(101, 25, 8, 1, 4),
(102, 26, 8, 1, 4),
(103, 27, 8, 1, 4),
(104, 28, 8, 1, 4),
(105, 29, 8, 1, 4),
(106, 30, 8, 1, 4),
(107, 31, 8, 1, 4),
(108, 32, 8, 1, 4),
(109, 33, 8, 1, 4),
(110, 34, 8, 1, 4),
(111, 35, 8, 1, 4),
(112, 36, 8, 1, 4),
(113, 37, 8, 1, 4),
(114, 38, 8, 1, 4),
(115, 4, 9, 1, 4),
(116, 5, 9, 1, 4),
(117, 6, 9, 1, 4),
(118, 7, 9, 1, 4),
(119, 8, 9, 1, 4),
(120, 9, 9, 1, 4),
(121, 10, 9, 1, 4),
(122, 11, 9, 1, 4),
(123, 12, 9, 1, 4),
(124, 13, 9, 1, 4),
(125, 14, 9, 1, 4),
(126, 15, 9, 1, 4),
(127, 16, 9, 1, 4),
(128, 17, 9, 1, 4),
(129, 18, 9, 1, 4),
(130, 19, 9, 1, 4),
(131, 20, 9, 1, 4),
(132, 21, 9, 1, 4),
(133, 22, 9, 1, 4),
(134, 23, 9, 1, 4),
(135, 24, 9, 1, 4),
(136, 25, 9, 1, 4),
(137, 26, 9, 1, 4),
(138, 27, 9, 1, 4),
(139, 28, 9, 1, 4),
(140, 29, 9, 1, 4),
(141, 30, 9, 1, 4),
(142, 31, 9, 1, 4),
(143, 32, 9, 1, 4),
(144, 33, 9, 1, 4),
(145, 34, 9, 1, 4),
(146, 35, 9, 1, 4),
(147, 36, 9, 1, 4),
(148, 37, 9, 1, 4),
(149, 38, 9, 1, 4),
(150, 4, 10, 1, 4),
(151, 5, 10, 1, 4),
(152, 6, 10, 1, 4),
(153, 7, 10, 1, 4),
(154, 8, 10, 1, 4),
(155, 9, 10, 1, 4),
(156, 10, 10, 1, 4),
(157, 11, 10, 1, 4),
(158, 12, 10, 1, 4),
(159, 13, 10, 1, 4),
(160, 14, 10, 1, 4),
(161, 15, 10, 1, 4),
(162, 16, 10, 1, 4),
(163, 17, 10, 1, 4),
(164, 18, 10, 1, 4),
(165, 19, 10, 1, 4),
(166, 20, 10, 1, 4),
(167, 21, 10, 1, 4),
(168, 22, 10, 1, 4),
(169, 23, 10, 1, 4),
(170, 24, 10, 1, 4),
(171, 25, 10, 1, 4),
(172, 26, 10, 1, 4),
(173, 27, 10, 1, 4),
(174, 28, 10, 1, 4),
(175, 29, 10, 1, 4),
(176, 30, 10, 1, 4),
(177, 31, 10, 1, 4),
(178, 32, 10, 1, 4),
(179, 33, 10, 1, 4),
(180, 34, 10, 1, 4),
(181, 35, 10, 1, 4),
(182, 36, 10, 1, 4),
(183, 37, 10, 1, 4),
(184, 38, 10, 1, 4),
(185, 4, 11, 1, 4),
(186, 5, 11, 1, 4),
(187, 6, 11, 1, 4),
(188, 7, 11, 1, 4),
(189, 8, 11, 1, 4),
(190, 9, 11, 1, 4),
(191, 10, 11, 1, 4),
(192, 11, 11, 1, 4),
(193, 12, 11, 1, 4),
(194, 13, 11, 1, 4),
(195, 14, 11, 1, 4),
(196, 15, 11, 1, 4),
(197, 16, 11, 1, 4),
(198, 17, 11, 1, 4),
(199, 18, 11, 1, 4),
(200, 19, 11, 1, 4),
(201, 20, 11, 1, 4),
(202, 21, 11, 1, 4),
(203, 22, 11, 1, 4),
(204, 23, 11, 1, 4),
(205, 24, 11, 1, 4),
(206, 25, 11, 1, 4),
(207, 26, 11, 1, 4),
(208, 27, 11, 1, 4),
(209, 28, 11, 1, 4),
(210, 29, 11, 1, 4),
(211, 30, 11, 1, 4),
(212, 31, 11, 1, 4),
(213, 32, 11, 1, 4),
(214, 33, 11, 1, 4),
(215, 34, 11, 1, 4),
(216, 35, 11, 1, 4),
(217, 36, 11, 1, 4),
(218, 37, 11, 1, 4),
(219, 38, 11, 1, 4),
(220, 4, 12, 1, 4),
(221, 5, 12, 1, 4),
(222, 6, 12, 1, 4),
(223, 7, 12, 1, 4),
(224, 8, 12, 1, 4),
(225, 9, 12, 1, 4),
(226, 10, 12, 1, 4),
(227, 11, 12, 1, 4),
(228, 12, 12, 1, 4),
(229, 13, 12, 1, 4),
(230, 14, 12, 1, 4),
(231, 15, 12, 1, 4),
(232, 16, 12, 1, 4),
(233, 17, 12, 1, 4),
(234, 18, 12, 1, 4),
(235, 19, 12, 1, 4),
(236, 20, 12, 1, 4),
(237, 21, 12, 1, 4),
(238, 22, 12, 1, 4),
(239, 23, 12, 1, 4),
(240, 24, 12, 1, 4),
(241, 25, 12, 1, 4),
(242, 26, 12, 1, 4),
(243, 27, 12, 1, 4),
(244, 28, 12, 1, 4),
(245, 29, 12, 1, 4),
(246, 30, 12, 1, 4),
(247, 31, 12, 1, 4),
(248, 32, 12, 1, 4),
(249, 33, 12, 1, 4),
(250, 34, 12, 1, 4),
(251, 35, 12, 1, 4),
(252, 36, 12, 1, 4),
(253, 37, 12, 1, 4),
(254, 38, 12, 1, 4),
(255, 4, 13, 1, 4),
(256, 5, 13, 1, 4),
(257, 6, 13, 1, 4),
(258, 7, 13, 1, 4),
(259, 8, 13, 1, 4),
(260, 9, 13, 1, 4),
(261, 10, 13, 1, 4),
(262, 11, 13, 1, 4),
(263, 12, 13, 1, 4),
(264, 13, 13, 1, 4),
(265, 14, 13, 1, 4),
(266, 15, 13, 1, 4),
(267, 16, 13, 1, 4),
(268, 17, 13, 1, 4),
(269, 18, 13, 1, 4),
(270, 19, 13, 1, 4),
(271, 20, 13, 1, 4),
(272, 21, 13, 1, 4),
(273, 22, 13, 1, 4),
(274, 23, 13, 1, 4),
(275, 24, 13, 1, 4),
(276, 25, 13, 1, 4),
(277, 26, 13, 1, 4),
(278, 27, 13, 1, 4),
(279, 28, 13, 1, 4),
(280, 29, 13, 1, 4),
(281, 30, 13, 1, 4),
(282, 31, 13, 1, 4),
(283, 32, 13, 1, 4),
(284, 33, 13, 1, 4),
(285, 34, 13, 1, 4),
(286, 35, 13, 1, 4),
(287, 36, 13, 1, 4),
(288, 37, 13, 1, 4),
(289, 38, 13, 1, 4),
(290, 4, 14, 1, 4),
(291, 5, 14, 1, 4),
(292, 6, 14, 1, 4),
(293, 7, 14, 1, 4),
(294, 8, 14, 1, 4),
(295, 9, 14, 1, 4),
(296, 10, 14, 1, 4),
(297, 11, 14, 1, 4),
(298, 12, 14, 1, 4),
(299, 13, 14, 1, 4),
(300, 14, 14, 1, 4),
(301, 15, 14, 1, 4),
(302, 16, 14, 1, 4),
(303, 17, 14, 1, 4),
(304, 18, 14, 1, 4),
(305, 19, 14, 1, 4),
(306, 20, 14, 1, 4),
(307, 21, 14, 1, 4),
(308, 22, 14, 1, 4),
(309, 23, 14, 1, 4),
(310, 24, 14, 1, 4),
(311, 25, 14, 1, 4),
(312, 26, 14, 1, 4),
(313, 27, 14, 1, 4),
(314, 28, 14, 1, 4),
(315, 29, 14, 1, 4),
(316, 30, 14, 1, 4),
(317, 31, 14, 1, 4),
(318, 32, 14, 1, 4),
(319, 33, 14, 1, 4),
(320, 34, 14, 1, 4),
(321, 35, 14, 1, 4),
(322, 36, 14, 1, 4),
(323, 37, 14, 1, 4),
(324, 38, 14, 1, 4),
(325, 4, 15, 1, 4),
(326, 5, 15, 1, 4),
(327, 6, 15, 1, 4),
(328, 7, 15, 1, 4),
(329, 8, 15, 1, 4),
(330, 9, 15, 1, 4),
(331, 10, 15, 1, 4),
(332, 11, 15, 1, 4),
(333, 12, 15, 1, 4),
(334, 13, 15, 1, 4),
(335, 14, 15, 1, 4),
(336, 15, 15, 1, 4),
(337, 16, 15, 1, 4),
(338, 17, 15, 1, 4),
(339, 18, 15, 1, 4),
(340, 19, 15, 1, 4),
(341, 20, 15, 1, 4),
(342, 21, 15, 1, 4),
(343, 22, 15, 1, 4),
(344, 23, 15, 1, 4),
(345, 24, 15, 1, 4),
(346, 25, 15, 1, 4),
(347, 26, 15, 1, 4),
(348, 27, 15, 1, 4),
(349, 28, 15, 1, 4),
(350, 29, 15, 1, 4),
(351, 30, 15, 1, 4),
(352, 31, 15, 1, 4),
(353, 32, 15, 1, 4),
(354, 33, 15, 1, 4),
(355, 34, 15, 1, 4),
(356, 35, 15, 1, 4),
(357, 36, 15, 1, 4),
(358, 37, 15, 1, 4),
(359, 38, 15, 1, 4),
(360, 4, 16, 1, 4),
(361, 5, 16, 1, 4),
(362, 6, 16, 1, 4),
(363, 7, 16, 1, 4),
(364, 8, 16, 1, 4),
(365, 9, 16, 1, 4),
(366, 10, 16, 1, 4),
(367, 11, 16, 1, 4),
(368, 12, 16, 1, 4),
(369, 13, 16, 1, 4),
(370, 14, 16, 1, 4),
(371, 15, 16, 1, 4),
(372, 16, 16, 1, 4),
(373, 17, 16, 1, 4),
(374, 18, 16, 1, 4),
(375, 19, 16, 1, 4),
(376, 20, 16, 1, 4),
(377, 21, 16, 1, 4),
(378, 22, 16, 1, 4),
(379, 23, 16, 1, 4),
(380, 24, 16, 1, 4),
(381, 25, 16, 1, 4),
(382, 26, 16, 1, 4),
(383, 27, 16, 1, 4),
(384, 28, 16, 1, 4),
(385, 29, 16, 1, 4),
(386, 30, 16, 1, 4),
(387, 31, 16, 1, 4),
(388, 32, 16, 1, 4),
(389, 33, 16, 1, 4),
(390, 34, 16, 1, 4),
(391, 35, 16, 1, 4),
(392, 36, 16, 1, 4),
(393, 37, 16, 1, 4),
(394, 38, 16, 1, 4),
(395, 4, 17, 1, 4),
(396, 5, 17, 1, 4),
(397, 6, 17, 1, 4),
(398, 7, 17, 1, 4),
(399, 8, 17, 1, 4),
(400, 9, 17, 1, 4),
(401, 10, 17, 1, 4),
(402, 11, 17, 1, 4),
(403, 12, 17, 1, 4),
(404, 13, 17, 1, 4),
(405, 14, 17, 1, 4),
(406, 15, 17, 1, 4),
(407, 16, 17, 1, 4),
(408, 17, 17, 1, 4),
(409, 18, 17, 1, 4),
(410, 19, 17, 1, 4),
(411, 20, 17, 1, 4),
(412, 21, 17, 1, 4),
(413, 22, 17, 1, 4),
(414, 23, 17, 1, 4),
(415, 24, 17, 1, 4),
(416, 25, 17, 1, 4),
(417, 26, 17, 1, 4),
(418, 27, 17, 1, 4),
(419, 28, 17, 1, 4),
(420, 29, 17, 1, 4),
(421, 30, 17, 1, 4),
(422, 31, 17, 1, 4),
(423, 32, 17, 1, 4),
(424, 33, 17, 1, 4),
(425, 34, 17, 1, 4),
(426, 35, 17, 1, 4),
(427, 36, 17, 1, 4),
(428, 37, 17, 1, 4),
(429, 38, 17, 1, 4),
(430, 4, 18, 1, 4),
(431, 5, 18, 1, 4),
(432, 6, 18, 1, 4),
(433, 7, 18, 1, 4),
(434, 8, 18, 1, 4),
(435, 9, 18, 1, 4),
(436, 10, 18, 1, 4),
(437, 11, 18, 1, 4),
(438, 12, 18, 1, 4),
(439, 13, 18, 1, 4),
(440, 14, 18, 1, 4),
(441, 15, 18, 1, 4),
(442, 16, 18, 1, 4),
(443, 17, 18, 1, 4),
(444, 18, 18, 1, 4),
(445, 19, 18, 1, 4),
(446, 20, 18, 1, 4),
(447, 21, 18, 1, 4),
(448, 22, 18, 1, 4),
(449, 23, 18, 1, 4),
(450, 24, 18, 1, 4),
(451, 25, 18, 1, 4),
(452, 26, 18, 1, 4),
(453, 27, 18, 1, 4),
(454, 28, 18, 1, 4),
(455, 29, 18, 1, 4),
(456, 30, 18, 1, 4),
(457, 31, 18, 1, 4),
(458, 32, 18, 1, 4),
(459, 33, 18, 1, 4),
(460, 34, 18, 1, 4),
(461, 35, 18, 1, 4),
(462, 36, 18, 1, 4),
(463, 37, 18, 1, 4),
(464, 38, 18, 1, 4),
(465, 4, 19, 1, 4),
(466, 5, 19, 1, 4),
(467, 6, 19, 1, 4),
(468, 7, 19, 1, 4),
(469, 8, 19, 1, 4),
(470, 9, 19, 1, 4),
(471, 10, 19, 1, 4),
(472, 11, 19, 1, 4),
(473, 12, 19, 1, 4),
(474, 13, 19, 1, 4),
(475, 14, 19, 1, 4),
(476, 15, 19, 1, 4),
(477, 16, 19, 1, 4),
(478, 17, 19, 1, 4),
(479, 18, 19, 1, 4),
(480, 19, 19, 1, 4),
(481, 20, 19, 1, 4),
(482, 21, 19, 1, 4),
(483, 22, 19, 1, 4),
(484, 23, 19, 1, 4),
(485, 24, 19, 1, 4),
(486, 25, 19, 1, 4),
(487, 26, 19, 1, 4),
(488, 27, 19, 1, 4),
(489, 28, 19, 1, 4),
(490, 29, 19, 1, 4),
(491, 30, 19, 1, 4),
(492, 31, 19, 1, 4),
(493, 32, 19, 1, 4),
(494, 33, 19, 1, 4),
(495, 34, 19, 1, 4),
(496, 35, 19, 1, 4),
(497, 36, 19, 1, 4),
(498, 37, 19, 1, 4),
(499, 38, 19, 1, 4),
(500, 4, 20, 1, 4),
(501, 5, 20, 1, 4),
(502, 6, 20, 1, 4),
(503, 7, 20, 1, 4),
(504, 8, 20, 1, 4),
(505, 9, 20, 1, 4),
(506, 10, 20, 1, 4),
(507, 11, 20, 1, 4),
(508, 12, 20, 1, 4),
(509, 13, 20, 1, 4),
(510, 14, 20, 1, 4),
(511, 15, 20, 1, 4),
(512, 16, 20, 1, 4),
(513, 17, 20, 1, 4),
(514, 18, 20, 1, 4),
(515, 19, 20, 1, 4),
(516, 20, 20, 1, 4),
(517, 21, 20, 1, 4),
(518, 22, 20, 1, 4),
(519, 23, 20, 1, 4),
(520, 24, 20, 1, 4),
(521, 25, 20, 1, 4),
(522, 26, 20, 1, 4),
(523, 27, 20, 1, 4),
(524, 28, 20, 1, 4),
(525, 29, 20, 1, 4),
(526, 30, 20, 1, 4),
(527, 31, 20, 1, 4),
(528, 32, 20, 1, 4),
(529, 33, 20, 1, 4),
(530, 34, 20, 1, 4),
(531, 35, 20, 1, 4),
(532, 36, 20, 1, 4),
(533, 37, 20, 1, 4),
(534, 38, 20, 1, 4),
(535, 4, 21, 1, 4),
(536, 5, 21, 1, 4),
(537, 6, 21, 1, 4),
(538, 7, 21, 1, 4),
(539, 8, 21, 1, 4),
(540, 9, 21, 1, 4),
(541, 10, 21, 1, 4),
(542, 11, 21, 1, 4),
(543, 12, 21, 1, 4),
(544, 13, 21, 1, 4),
(545, 14, 21, 1, 4),
(546, 15, 21, 1, 4),
(547, 16, 21, 1, 4),
(548, 17, 21, 1, 4),
(549, 18, 21, 1, 4),
(550, 19, 21, 1, 4),
(551, 20, 21, 1, 4),
(552, 21, 21, 1, 4),
(553, 22, 21, 1, 4),
(554, 23, 21, 1, 4),
(555, 24, 21, 1, 4),
(556, 25, 21, 1, 4),
(557, 26, 21, 1, 4),
(558, 27, 21, 1, 4),
(559, 28, 21, 1, 4),
(560, 29, 21, 1, 4),
(561, 30, 21, 1, 4),
(562, 31, 21, 1, 4),
(563, 32, 21, 1, 4),
(564, 33, 21, 1, 4),
(565, 34, 21, 1, 4),
(566, 35, 21, 1, 4),
(567, 36, 21, 1, 4),
(568, 37, 21, 1, 4),
(569, 38, 21, 1, 4),
(570, 4, 22, 1, 4),
(571, 5, 22, 1, 4),
(572, 6, 22, 1, 4),
(573, 7, 22, 1, 4),
(574, 8, 22, 1, 4),
(575, 9, 22, 1, 4),
(576, 10, 22, 1, 4),
(577, 11, 22, 1, 4),
(578, 12, 22, 1, 4),
(579, 13, 22, 1, 4),
(580, 14, 22, 1, 4),
(581, 15, 22, 1, 4),
(582, 16, 22, 1, 4),
(583, 17, 22, 1, 4),
(584, 18, 22, 1, 4),
(585, 19, 22, 1, 4),
(586, 20, 22, 1, 4),
(587, 21, 22, 1, 4),
(588, 22, 22, 1, 4),
(589, 23, 22, 1, 4),
(590, 24, 22, 1, 4),
(591, 25, 22, 1, 4),
(592, 26, 22, 1, 4),
(593, 27, 22, 1, 4),
(594, 28, 22, 1, 4),
(595, 29, 22, 1, 4),
(596, 30, 22, 1, 4),
(597, 31, 22, 1, 4),
(598, 32, 22, 1, 4),
(599, 33, 22, 1, 4),
(600, 34, 22, 1, 4),
(601, 35, 22, 1, 4),
(602, 36, 22, 1, 4),
(603, 37, 22, 1, 4),
(604, 38, 22, 1, 4),
(605, 4, 23, 1, 4),
(606, 5, 23, 1, 4),
(607, 6, 23, 1, 4),
(608, 7, 23, 1, 4),
(609, 8, 23, 1, 4),
(610, 9, 23, 1, 4),
(611, 10, 23, 1, 4),
(612, 11, 23, 1, 4),
(613, 12, 23, 1, 4),
(614, 13, 23, 1, 4),
(615, 14, 23, 1, 4),
(616, 15, 23, 1, 4),
(617, 16, 23, 1, 4),
(618, 17, 23, 1, 4),
(619, 18, 23, 1, 4),
(620, 19, 23, 1, 4),
(621, 20, 23, 1, 4),
(622, 21, 23, 1, 4),
(623, 22, 23, 1, 4),
(624, 23, 23, 1, 4),
(625, 24, 23, 1, 4),
(626, 25, 23, 1, 4),
(627, 26, 23, 1, 4),
(628, 27, 23, 1, 4),
(629, 28, 23, 1, 4),
(630, 29, 23, 1, 4),
(631, 30, 23, 1, 4),
(632, 31, 23, 1, 4),
(633, 32, 23, 1, 4),
(634, 33, 23, 1, 4),
(635, 34, 23, 1, 4),
(636, 35, 23, 1, 4),
(637, 36, 23, 1, 4),
(638, 37, 23, 1, 4),
(639, 38, 23, 1, 4),
(640, 4, 24, 1, 4),
(641, 5, 24, 1, 4),
(642, 6, 24, 1, 4),
(643, 7, 24, 1, 4),
(644, 8, 24, 1, 4),
(645, 9, 24, 1, 4),
(646, 10, 24, 1, 4),
(647, 11, 24, 1, 4),
(648, 12, 24, 1, 4),
(649, 13, 24, 1, 4),
(650, 14, 24, 1, 4),
(651, 15, 24, 1, 4),
(652, 16, 24, 1, 4),
(653, 17, 24, 1, 4),
(654, 18, 24, 1, 4),
(655, 19, 24, 1, 4),
(656, 20, 24, 1, 4),
(657, 21, 24, 1, 4),
(658, 22, 24, 1, 4),
(659, 23, 24, 1, 4),
(660, 24, 24, 1, 4),
(661, 25, 24, 1, 4),
(662, 26, 24, 1, 4),
(663, 27, 24, 1, 4),
(664, 28, 24, 1, 4),
(665, 29, 24, 1, 4),
(666, 30, 24, 1, 4),
(667, 31, 24, 1, 4),
(668, 32, 24, 1, 4),
(669, 33, 24, 1, 4),
(670, 34, 24, 1, 4),
(671, 35, 24, 1, 4),
(672, 36, 24, 1, 4),
(673, 37, 24, 1, 4),
(674, 38, 24, 1, 4),
(675, 4, 25, 1, 4),
(676, 5, 25, 1, 4),
(677, 6, 25, 1, 4),
(678, 7, 25, 1, 4),
(679, 8, 25, 1, 4),
(680, 9, 25, 1, 4),
(681, 10, 25, 1, 4),
(682, 11, 25, 1, 4),
(683, 12, 25, 1, 4),
(684, 13, 25, 1, 4),
(685, 14, 25, 1, 4),
(686, 15, 25, 1, 4),
(687, 16, 25, 1, 4),
(688, 17, 25, 1, 4),
(689, 18, 25, 1, 4),
(690, 19, 25, 1, 4),
(691, 20, 25, 1, 4),
(692, 21, 25, 1, 4),
(693, 22, 25, 1, 4),
(694, 23, 25, 1, 4),
(695, 24, 25, 1, 4),
(696, 25, 25, 1, 4),
(697, 26, 25, 1, 4),
(698, 27, 25, 1, 4),
(699, 28, 25, 1, 4),
(700, 29, 25, 1, 4),
(701, 30, 25, 1, 4),
(702, 31, 25, 1, 4),
(703, 32, 25, 1, 4),
(704, 33, 25, 1, 4),
(705, 34, 25, 1, 4),
(706, 35, 25, 1, 4),
(707, 36, 25, 1, 4),
(708, 37, 25, 1, 4),
(709, 38, 25, 1, 4),
(710, 4, 26, 1, 4),
(711, 5, 26, 1, 4),
(712, 6, 26, 1, 4),
(713, 7, 26, 1, 4),
(714, 8, 26, 1, 4),
(715, 9, 26, 1, 4),
(716, 10, 26, 1, 4),
(717, 11, 26, 1, 4),
(718, 12, 26, 1, 4),
(719, 13, 26, 1, 4),
(720, 14, 26, 1, 4),
(721, 15, 26, 1, 4),
(722, 16, 26, 1, 4),
(723, 17, 26, 1, 4),
(724, 18, 26, 1, 4),
(725, 19, 26, 1, 4),
(726, 20, 26, 1, 4),
(727, 21, 26, 1, 4),
(728, 22, 26, 1, 4),
(729, 23, 26, 1, 4),
(730, 24, 26, 1, 4),
(731, 25, 26, 1, 4),
(732, 26, 26, 1, 4),
(733, 27, 26, 1, 4),
(734, 28, 26, 1, 4),
(735, 29, 26, 1, 4),
(736, 30, 26, 1, 4),
(737, 31, 26, 1, 4),
(738, 32, 26, 1, 4),
(739, 33, 26, 1, 4),
(740, 34, 26, 1, 4),
(741, 35, 26, 1, 4),
(742, 36, 26, 1, 4),
(743, 37, 26, 1, 4),
(744, 38, 26, 1, 4),
(745, 4, 27, 1, 4),
(746, 5, 27, 1, 4),
(747, 6, 27, 1, 4),
(748, 7, 27, 1, 4),
(749, 8, 27, 1, 4),
(750, 9, 27, 1, 4),
(751, 10, 27, 1, 4),
(752, 11, 27, 1, 4),
(753, 12, 27, 1, 4),
(754, 13, 27, 1, 4),
(755, 14, 27, 1, 4),
(756, 15, 27, 1, 4),
(757, 16, 27, 1, 4),
(758, 17, 27, 1, 4),
(759, 18, 27, 1, 4),
(760, 19, 27, 1, 4),
(761, 20, 27, 1, 4),
(762, 21, 27, 1, 4),
(763, 22, 27, 1, 4),
(764, 23, 27, 1, 4),
(765, 24, 27, 1, 4),
(766, 25, 27, 1, 4),
(767, 26, 27, 1, 4),
(768, 27, 27, 1, 4),
(769, 28, 27, 1, 4),
(770, 29, 27, 1, 4),
(771, 30, 27, 1, 4),
(772, 31, 27, 1, 4),
(773, 32, 27, 1, 4),
(774, 33, 27, 1, 4),
(775, 34, 27, 1, 4),
(776, 35, 27, 1, 4),
(777, 36, 27, 1, 4),
(778, 37, 27, 1, 4),
(779, 38, 27, 1, 4),
(780, 4, 28, 1, 4),
(781, 5, 28, 1, 4),
(782, 6, 28, 1, 4),
(783, 7, 28, 1, 4),
(784, 8, 28, 1, 4),
(785, 9, 28, 1, 4),
(786, 10, 28, 1, 4),
(787, 11, 28, 1, 4),
(788, 12, 28, 1, 4),
(789, 13, 28, 1, 4),
(790, 14, 28, 1, 4),
(791, 15, 28, 1, 4),
(792, 16, 28, 1, 4),
(793, 17, 28, 1, 4),
(794, 18, 28, 1, 4),
(795, 19, 28, 1, 4),
(796, 20, 28, 1, 4),
(797, 21, 28, 1, 4),
(798, 22, 28, 1, 4),
(799, 23, 28, 1, 4),
(800, 24, 28, 1, 4),
(801, 25, 28, 1, 4),
(802, 26, 28, 1, 4),
(803, 27, 28, 1, 4),
(804, 28, 28, 1, 4),
(805, 29, 28, 1, 4),
(806, 30, 28, 1, 4),
(807, 31, 28, 1, 4),
(808, 32, 28, 1, 4),
(809, 33, 28, 1, 4),
(810, 34, 28, 1, 4),
(811, 35, 28, 1, 4),
(812, 36, 28, 1, 4),
(813, 37, 28, 1, 4),
(814, 38, 28, 1, 4),
(815, 4, 29, 1, 4),
(816, 5, 29, 1, 4),
(817, 6, 29, 1, 4),
(818, 7, 29, 1, 4),
(819, 8, 29, 1, 4),
(820, 9, 29, 1, 4),
(821, 10, 29, 1, 4),
(822, 11, 29, 1, 4),
(823, 12, 29, 1, 4),
(824, 13, 29, 1, 4),
(825, 14, 29, 1, 4),
(826, 15, 29, 1, 4),
(827, 16, 29, 1, 4),
(828, 17, 29, 1, 4),
(829, 18, 29, 1, 4),
(830, 19, 29, 1, 4),
(831, 20, 29, 1, 4),
(832, 21, 29, 1, 4),
(833, 22, 29, 1, 4),
(834, 23, 29, 1, 4),
(835, 24, 29, 1, 4),
(836, 25, 29, 1, 4),
(837, 26, 29, 1, 4),
(838, 27, 29, 1, 4),
(839, 28, 29, 1, 4),
(840, 29, 29, 1, 4),
(841, 30, 29, 1, 4),
(842, 31, 29, 1, 4),
(843, 32, 29, 1, 4),
(844, 33, 29, 1, 4),
(845, 34, 29, 1, 4),
(846, 35, 29, 1, 4),
(847, 36, 29, 1, 4),
(848, 37, 29, 1, 4),
(849, 38, 29, 1, 4),
(850, 4, 30, 1, 4),
(851, 5, 30, 1, 4),
(852, 6, 30, 1, 4),
(853, 7, 30, 1, 4),
(854, 8, 30, 1, 4),
(855, 9, 30, 1, 4),
(856, 10, 30, 1, 4),
(857, 11, 30, 1, 4),
(858, 12, 30, 1, 4),
(859, 13, 30, 1, 4),
(860, 14, 30, 1, 4),
(861, 15, 30, 1, 4),
(862, 16, 30, 1, 4),
(863, 17, 30, 1, 4),
(864, 18, 30, 1, 4),
(865, 19, 30, 1, 4),
(866, 20, 30, 1, 4),
(867, 21, 30, 1, 4),
(868, 22, 30, 1, 4),
(869, 23, 30, 1, 4),
(870, 24, 30, 1, 4),
(871, 25, 30, 1, 4),
(872, 26, 30, 1, 4),
(873, 27, 30, 1, 4),
(874, 28, 30, 1, 4),
(875, 29, 30, 1, 4),
(876, 30, 30, 1, 4),
(877, 31, 30, 1, 4),
(878, 32, 30, 1, 4),
(879, 33, 30, 1, 4),
(880, 34, 30, 1, 4),
(881, 35, 30, 1, 4),
(882, 36, 30, 1, 4),
(883, 37, 30, 1, 4),
(884, 38, 30, 1, 4),
(885, 4, 31, 1, 4),
(886, 5, 31, 1, 4),
(887, 6, 31, 1, 4),
(888, 7, 31, 1, 4),
(889, 8, 31, 1, 4),
(890, 9, 31, 1, 4),
(891, 10, 31, 1, 4),
(892, 11, 31, 1, 4),
(893, 12, 31, 1, 4),
(894, 13, 31, 1, 4),
(895, 14, 31, 1, 4),
(896, 15, 31, 1, 4),
(897, 16, 31, 1, 4),
(898, 17, 31, 1, 4),
(899, 18, 31, 1, 4),
(900, 19, 31, 1, 4),
(901, 20, 31, 1, 4),
(902, 21, 31, 1, 4),
(903, 22, 31, 1, 4),
(904, 23, 31, 1, 4),
(905, 24, 31, 1, 4),
(906, 25, 31, 1, 4),
(907, 26, 31, 1, 4),
(908, 27, 31, 1, 4),
(909, 28, 31, 1, 4),
(910, 29, 31, 1, 4),
(911, 30, 31, 1, 4),
(912, 31, 31, 1, 4),
(913, 32, 31, 1, 4),
(914, 33, 31, 1, 4),
(915, 34, 31, 1, 4),
(916, 35, 31, 1, 4),
(917, 36, 31, 1, 4),
(918, 37, 31, 1, 4),
(919, 38, 31, 1, 4),
(920, 4, 32, 1, 4),
(921, 5, 32, 1, 4),
(922, 6, 32, 1, 4),
(923, 7, 32, 1, 4),
(924, 8, 32, 1, 4),
(925, 9, 32, 1, 4),
(926, 10, 32, 1, 4),
(927, 11, 32, 1, 4),
(928, 12, 32, 1, 4),
(929, 13, 32, 1, 4),
(930, 14, 32, 1, 4),
(931, 15, 32, 1, 4),
(932, 16, 32, 1, 4),
(933, 17, 32, 1, 4),
(934, 18, 32, 1, 4),
(935, 19, 32, 1, 4),
(936, 20, 32, 1, 4),
(937, 21, 32, 1, 4),
(938, 22, 32, 1, 4),
(939, 23, 32, 1, 4),
(940, 24, 32, 1, 4),
(941, 25, 32, 1, 4),
(942, 26, 32, 1, 4),
(943, 27, 32, 1, 4),
(944, 28, 32, 1, 4),
(945, 29, 32, 1, 4),
(946, 30, 32, 1, 4),
(947, 31, 32, 1, 4),
(948, 32, 32, 1, 4),
(949, 33, 32, 1, 4),
(950, 34, 32, 1, 4),
(951, 35, 32, 1, 4),
(952, 36, 32, 1, 4),
(953, 37, 32, 1, 4),
(954, 38, 32, 1, 4),
(955, 4, 33, 1, 4),
(956, 5, 33, 1, 4),
(957, 6, 33, 1, 4),
(958, 7, 33, 1, 4),
(959, 8, 33, 1, 4),
(960, 9, 33, 1, 4),
(961, 10, 33, 1, 4),
(962, 11, 33, 1, 4),
(963, 12, 33, 1, 4),
(964, 13, 33, 1, 4),
(965, 14, 33, 1, 4),
(966, 15, 33, 1, 4),
(967, 16, 33, 1, 4),
(968, 17, 33, 1, 4),
(969, 18, 33, 1, 4),
(970, 19, 33, 1, 4),
(971, 20, 33, 1, 4),
(972, 21, 33, 1, 4),
(973, 22, 33, 1, 4),
(974, 23, 33, 1, 4),
(975, 24, 33, 1, 4),
(976, 25, 33, 1, 4),
(977, 26, 33, 1, 4),
(978, 27, 33, 1, 4),
(979, 28, 33, 1, 4),
(980, 29, 33, 1, 4),
(981, 30, 33, 1, 4),
(982, 31, 33, 1, 4),
(983, 32, 33, 1, 4),
(984, 33, 33, 1, 4),
(985, 34, 33, 1, 4),
(986, 35, 33, 1, 4),
(987, 36, 33, 1, 4),
(988, 37, 33, 1, 4),
(989, 38, 33, 1, 4),
(990, 4, 34, 1, 4),
(991, 5, 34, 1, 4),
(992, 6, 34, 1, 4),
(993, 7, 34, 1, 4),
(994, 8, 34, 1, 4),
(995, 9, 34, 1, 4),
(996, 10, 34, 1, 4),
(997, 11, 34, 1, 4),
(998, 12, 34, 1, 4),
(999, 13, 34, 1, 4),
(1000, 14, 34, 1, 4),
(1001, 15, 34, 1, 4),
(1002, 16, 34, 1, 4),
(1003, 17, 34, 1, 4),
(1004, 18, 34, 1, 4),
(1005, 19, 34, 1, 4),
(1006, 20, 34, 1, 4),
(1007, 21, 34, 1, 4),
(1008, 22, 34, 1, 4),
(1009, 23, 34, 1, 4),
(1010, 24, 34, 1, 4),
(1011, 25, 34, 1, 4),
(1012, 26, 34, 1, 4),
(1013, 27, 34, 1, 4),
(1014, 28, 34, 1, 4),
(1015, 29, 34, 1, 4),
(1016, 30, 34, 1, 4),
(1017, 31, 34, 1, 4),
(1018, 32, 34, 1, 4),
(1019, 33, 34, 1, 4),
(1020, 34, 34, 1, 4),
(1021, 35, 34, 1, 4),
(1022, 36, 34, 1, 4),
(1023, 37, 34, 1, 4),
(1024, 38, 34, 1, 4),
(1025, 4, 35, 1, 4),
(1026, 5, 35, 1, 4),
(1027, 6, 35, 1, 4),
(1028, 7, 35, 1, 4),
(1029, 8, 35, 1, 4),
(1030, 9, 35, 1, 4),
(1031, 10, 35, 1, 4),
(1032, 11, 35, 1, 4),
(1033, 12, 35, 1, 4),
(1034, 13, 35, 1, 4),
(1035, 14, 35, 1, 4),
(1036, 15, 35, 1, 4),
(1037, 16, 35, 1, 4),
(1038, 17, 35, 1, 4),
(1039, 18, 35, 1, 4),
(1040, 19, 35, 1, 4),
(1041, 20, 35, 1, 4),
(1042, 21, 35, 1, 4),
(1043, 22, 35, 1, 4),
(1044, 23, 35, 1, 4),
(1045, 24, 35, 1, 4),
(1046, 25, 35, 1, 4),
(1047, 26, 35, 1, 4),
(1048, 27, 35, 1, 4),
(1049, 28, 35, 1, 4),
(1050, 29, 35, 1, 4),
(1051, 30, 35, 1, 4),
(1052, 31, 35, 1, 4),
(1053, 32, 35, 1, 4),
(1054, 33, 35, 1, 4),
(1055, 34, 35, 1, 4),
(1056, 35, 35, 1, 4),
(1057, 36, 35, 1, 4),
(1058, 37, 35, 1, 4),
(1059, 38, 35, 1, 4),
(1060, 4, 36, 1, 4),
(1061, 5, 36, 1, 4),
(1062, 6, 36, 1, 4),
(1063, 7, 36, 1, 4),
(1064, 8, 36, 1, 4),
(1065, 9, 36, 1, 4),
(1066, 10, 36, 1, 4),
(1067, 11, 36, 1, 4),
(1068, 12, 36, 1, 4),
(1069, 13, 36, 1, 4),
(1070, 14, 36, 1, 4),
(1071, 15, 36, 1, 4),
(1072, 16, 36, 1, 4),
(1073, 17, 36, 1, 4),
(1074, 18, 36, 1, 4),
(1075, 19, 36, 1, 4),
(1076, 20, 36, 1, 4),
(1077, 21, 36, 1, 4),
(1078, 22, 36, 1, 4),
(1079, 23, 36, 1, 4),
(1080, 24, 36, 1, 4),
(1081, 25, 36, 1, 4),
(1082, 26, 36, 1, 4),
(1083, 27, 36, 1, 4),
(1084, 28, 36, 1, 4),
(1085, 29, 36, 1, 4),
(1086, 30, 36, 1, 4),
(1087, 31, 36, 1, 4),
(1088, 32, 36, 1, 4),
(1089, 33, 36, 1, 4),
(1090, 34, 36, 1, 4),
(1091, 35, 36, 1, 4),
(1092, 36, 36, 1, 4),
(1093, 37, 36, 1, 4),
(1094, 38, 36, 1, 4),
(1095, 4, 37, 1, 4),
(1096, 5, 37, 1, 4),
(1097, 6, 37, 1, 4),
(1098, 7, 37, 1, 4),
(1099, 8, 37, 1, 4),
(1100, 9, 37, 1, 4),
(1101, 10, 37, 1, 4),
(1102, 11, 37, 1, 4),
(1103, 12, 37, 1, 4),
(1104, 13, 37, 1, 4),
(1105, 14, 37, 1, 4),
(1106, 15, 37, 1, 4),
(1107, 16, 37, 1, 4),
(1108, 17, 37, 1, 4),
(1109, 18, 37, 1, 4),
(1110, 19, 37, 1, 4),
(1111, 20, 37, 1, 4),
(1112, 21, 37, 1, 4),
(1113, 22, 37, 1, 4),
(1114, 23, 37, 1, 4),
(1115, 24, 37, 1, 4),
(1116, 25, 37, 1, 4),
(1117, 26, 37, 1, 4),
(1118, 27, 37, 1, 4),
(1119, 28, 37, 1, 4),
(1120, 29, 37, 1, 4),
(1121, 30, 37, 1, 4),
(1122, 31, 37, 1, 4),
(1123, 32, 37, 1, 4),
(1124, 33, 37, 1, 4),
(1125, 34, 37, 1, 4),
(1126, 35, 37, 1, 4),
(1127, 36, 37, 1, 4),
(1128, 37, 37, 1, 4),
(1129, 38, 37, 1, 4),
(1130, 4, 38, 1, 4),
(1131, 5, 38, 1, 4),
(1132, 6, 38, 1, 4),
(1133, 7, 38, 1, 4),
(1134, 8, 38, 1, 4),
(1135, 9, 38, 1, 4),
(1136, 10, 38, 1, 4),
(1137, 11, 38, 1, 4),
(1138, 12, 38, 1, 4),
(1139, 13, 38, 1, 4),
(1140, 14, 38, 1, 4),
(1141, 15, 38, 1, 4),
(1142, 16, 38, 1, 4),
(1143, 17, 38, 1, 4),
(1144, 18, 38, 1, 4),
(1145, 19, 38, 1, 4),
(1146, 20, 38, 1, 4),
(1147, 21, 38, 1, 4),
(1148, 22, 38, 1, 4),
(1149, 23, 38, 1, 4),
(1150, 24, 38, 1, 4),
(1151, 25, 38, 1, 4),
(1152, 26, 38, 1, 4),
(1153, 27, 38, 1, 4),
(1154, 28, 38, 1, 4),
(1155, 29, 38, 1, 4),
(1156, 30, 38, 1, 4),
(1157, 31, 38, 1, 4),
(1158, 32, 38, 1, 4),
(1159, 33, 38, 1, 4),
(1160, 34, 38, 1, 4),
(1161, 35, 38, 1, 4),
(1162, 36, 38, 1, 4),
(1163, 37, 38, 1, 4),
(1164, 38, 38, 1, 4),
(1165, 4, 39, 1, 4),
(1166, 5, 39, 1, 4),
(1167, 6, 39, 1, 4),
(1168, 7, 39, 1, 4),
(1169, 8, 39, 1, 4),
(1170, 9, 39, 1, 4),
(1171, 10, 39, 1, 4),
(1172, 11, 39, 1, 4),
(1173, 12, 39, 1, 4),
(1174, 13, 39, 1, 4),
(1175, 14, 39, 1, 4),
(1176, 15, 39, 1, 4),
(1177, 16, 39, 1, 4),
(1178, 17, 39, 1, 4),
(1179, 18, 39, 1, 4),
(1180, 19, 39, 1, 4),
(1181, 20, 39, 1, 4),
(1182, 21, 39, 1, 4),
(1183, 22, 39, 1, 4),
(1184, 23, 39, 1, 4),
(1185, 24, 39, 1, 4),
(1186, 25, 39, 1, 4),
(1187, 26, 39, 1, 4),
(1188, 27, 39, 1, 4),
(1189, 28, 39, 1, 4),
(1190, 29, 39, 1, 4),
(1191, 30, 39, 1, 4),
(1192, 31, 39, 1, 4),
(1193, 32, 39, 1, 4),
(1194, 33, 39, 1, 4),
(1195, 34, 39, 1, 4),
(1196, 35, 39, 1, 4),
(1197, 36, 39, 1, 4),
(1198, 37, 39, 1, 4),
(1199, 38, 39, 1, 4),
(1200, 4, 40, 1, 4),
(1201, 5, 40, 1, 4),
(1202, 6, 40, 1, 4),
(1203, 7, 40, 1, 4),
(1204, 8, 40, 1, 4),
(1205, 9, 40, 1, 4),
(1206, 10, 40, 1, 4),
(1207, 11, 40, 1, 4),
(1208, 12, 40, 1, 4),
(1209, 13, 40, 1, 4),
(1210, 14, 40, 1, 4),
(1211, 15, 40, 1, 4),
(1212, 16, 40, 1, 4),
(1213, 17, 40, 1, 4),
(1214, 18, 40, 1, 4),
(1215, 19, 40, 1, 4),
(1216, 20, 40, 1, 4),
(1217, 21, 40, 1, 4),
(1218, 22, 40, 1, 4),
(1219, 23, 40, 1, 4),
(1220, 24, 40, 1, 4),
(1221, 25, 40, 1, 4),
(1222, 26, 40, 1, 4),
(1223, 27, 40, 1, 4),
(1224, 28, 40, 1, 4),
(1225, 29, 40, 1, 4),
(1226, 30, 40, 1, 4),
(1227, 31, 40, 1, 4),
(1228, 32, 40, 1, 4),
(1229, 33, 40, 1, 4),
(1230, 34, 40, 1, 4),
(1231, 35, 40, 1, 4),
(1232, 36, 40, 1, 4),
(1233, 37, 40, 1, 4),
(1234, 38, 40, 1, 4),
(1235, 4, 41, 1, 4),
(1236, 5, 41, 1, 4),
(1237, 6, 41, 1, 4),
(1238, 7, 41, 1, 4),
(1239, 8, 41, 1, 4),
(1240, 9, 41, 1, 4),
(1241, 10, 41, 1, 4),
(1242, 11, 41, 1, 4),
(1243, 12, 41, 1, 4),
(1244, 13, 41, 1, 4),
(1245, 14, 41, 1, 4),
(1246, 15, 41, 1, 4),
(1247, 16, 41, 1, 4),
(1248, 17, 41, 1, 4),
(1249, 18, 41, 1, 4),
(1250, 19, 41, 1, 4),
(1251, 20, 41, 1, 4),
(1252, 21, 41, 1, 4),
(1253, 22, 41, 1, 4),
(1254, 23, 41, 1, 4),
(1255, 24, 41, 1, 4),
(1256, 25, 41, 1, 4),
(1257, 26, 41, 1, 4),
(1258, 27, 41, 1, 4),
(1259, 28, 41, 1, 4),
(1260, 29, 41, 1, 4),
(1261, 30, 41, 1, 4),
(1262, 31, 41, 1, 4),
(1263, 32, 41, 1, 4),
(1264, 33, 41, 1, 4),
(1265, 34, 41, 1, 4),
(1266, 35, 41, 1, 4),
(1267, 36, 41, 1, 4),
(1268, 37, 41, 1, 4),
(1269, 38, 41, 1, 4),
(1270, 4, 6, 1, 5),
(1271, 5, 6, 1, 5),
(1272, 4, 7, 1, 5),
(1273, 5, 7, 1, 5),
(1274, 4, 8, 1, 5),
(1275, 5, 8, 1, 5),
(1276, 4, 9, 1, 5),
(1277, 5, 9, 1, 5),
(1278, 4, 10, 1, 5),
(1279, 5, 10, 1, 5),
(1280, 4, 11, 1, 5),
(1281, 5, 11, 1, 5),
(1282, 4, 12, 1, 5),
(1283, 5, 12, 1, 5),
(1284, 4, 13, 1, 5),
(1285, 5, 13, 1, 5),
(1286, 4, 14, 1, 5),
(1287, 5, 14, 1, 5),
(1288, 4, 15, 1, 5),
(1289, 5, 15, 1, 5),
(1290, 4, 16, 1, 5),
(1291, 5, 16, 1, 5),
(1292, 4, 17, 1, 5),
(1293, 5, 17, 1, 5),
(1294, 4, 18, 1, 5),
(1295, 5, 18, 1, 5),
(1296, 4, 19, 1, 5),
(1297, 5, 19, 1, 5),
(1298, 4, 20, 1, 5),
(1299, 5, 20, 1, 5),
(1300, 4, 21, 1, 5),
(1301, 5, 21, 1, 5),
(1302, 4, 22, 1, 5),
(1303, 5, 22, 1, 5),
(1304, 4, 23, 1, 5),
(1305, 5, 23, 1, 5),
(1306, 4, 24, 1, 5),
(1307, 5, 24, 1, 5),
(1308, 4, 25, 1, 5),
(1309, 5, 25, 1, 5),
(1310, 4, 26, 1, 5),
(1311, 5, 26, 1, 5),
(1312, 4, 27, 1, 5),
(1313, 5, 27, 1, 5),
(1314, 4, 28, 1, 5),
(1315, 5, 28, 1, 5),
(1316, 4, 29, 1, 5),
(1317, 5, 29, 1, 5),
(1318, 4, 30, 1, 5),
(1319, 5, 30, 1, 5),
(1320, 4, 31, 1, 5),
(1321, 5, 31, 1, 5),
(1322, 4, 32, 1, 5),
(1323, 5, 32, 1, 5),
(1324, 4, 33, 1, 5),
(1325, 5, 33, 1, 5),
(1326, 4, 34, 1, 5),
(1327, 5, 34, 1, 5),
(1328, 4, 35, 1, 5),
(1329, 5, 35, 1, 5),
(1330, 4, 36, 1, 5),
(1331, 5, 36, 1, 5),
(1332, 4, 37, 1, 5),
(1333, 5, 37, 1, 5),
(1334, 4, 38, 1, 5),
(1335, 5, 38, 1, 5),
(1336, 4, 39, 1, 5),
(1337, 5, 39, 1, 5),
(1338, 4, 40, 1, 5),
(1339, 5, 40, 1, 5),
(1340, 4, 41, 1, 5),
(1341, 5, 41, 1, 5),
(1342, 4, 6, 1, 6),
(1343, 5, 6, 1, 6),
(1344, 6, 6, 1, 6),
(1345, 9, 6, 1, 6),
(1346, 10, 6, 1, 6),
(1347, 11, 6, 1, 6),
(1348, 13, 6, 1, 6),
(1349, 14, 6, 1, 6),
(1350, 15, 6, 1, 6),
(1351, 21, 6, 1, 6),
(1352, 22, 6, 1, 6),
(1353, 25, 6, 1, 6),
(1354, 26, 6, 1, 6),
(1355, 29, 6, 1, 6),
(1356, 30, 6, 1, 6),
(1357, 31, 6, 1, 6),
(1358, 32, 6, 1, 6),
(1359, 33, 6, 1, 6),
(1360, 34, 6, 1, 6),
(1361, 35, 6, 1, 6),
(1362, 36, 6, 1, 6),
(1363, 37, 6, 1, 6),
(1364, 38, 6, 1, 6),
(1365, 4, 7, 1, 6),
(1366, 5, 7, 1, 6),
(1367, 6, 7, 1, 6),
(1368, 9, 7, 1, 6),
(1369, 10, 7, 1, 6),
(1370, 11, 7, 1, 6),
(1371, 13, 7, 1, 6),
(1372, 14, 7, 1, 6),
(1373, 15, 7, 1, 6),
(1374, 21, 7, 1, 6),
(1375, 22, 7, 1, 6),
(1376, 25, 7, 1, 6),
(1377, 26, 7, 1, 6),
(1378, 29, 7, 1, 6),
(1379, 30, 7, 1, 6),
(1380, 31, 7, 1, 6),
(1381, 32, 7, 1, 6),
(1382, 33, 7, 1, 6),
(1383, 34, 7, 1, 6),
(1384, 35, 7, 1, 6),
(1385, 36, 7, 1, 6),
(1386, 37, 7, 1, 6),
(1387, 38, 7, 1, 6),
(1388, 4, 8, 1, 6),
(1389, 5, 8, 1, 6),
(1390, 6, 8, 1, 6),
(1391, 9, 8, 1, 6),
(1392, 10, 8, 1, 6),
(1393, 11, 8, 1, 6),
(1394, 13, 8, 1, 6),
(1395, 14, 8, 1, 6),
(1396, 15, 8, 1, 6),
(1397, 21, 8, 1, 6),
(1398, 22, 8, 1, 6),
(1399, 25, 8, 1, 6),
(1400, 26, 8, 1, 6),
(1401, 29, 8, 1, 6),
(1402, 30, 8, 1, 6),
(1403, 31, 8, 1, 6),
(1404, 32, 8, 1, 6),
(1405, 33, 8, 1, 6),
(1406, 34, 8, 1, 6),
(1407, 35, 8, 1, 6),
(1408, 36, 8, 1, 6),
(1409, 37, 8, 1, 6),
(1410, 38, 8, 1, 6),
(1411, 4, 9, 1, 6),
(1412, 5, 9, 1, 6),
(1413, 6, 9, 1, 6),
(1414, 9, 9, 1, 6),
(1415, 10, 9, 1, 6),
(1416, 11, 9, 1, 6),
(1417, 13, 9, 1, 6),
(1418, 14, 9, 1, 6),
(1419, 15, 9, 1, 6),
(1420, 21, 9, 1, 6),
(1421, 22, 9, 1, 6),
(1422, 25, 9, 1, 6),
(1423, 26, 9, 1, 6),
(1424, 29, 9, 1, 6),
(1425, 30, 9, 1, 6),
(1426, 31, 9, 1, 6),
(1427, 32, 9, 1, 6),
(1428, 33, 9, 1, 6),
(1429, 34, 9, 1, 6),
(1430, 35, 9, 1, 6),
(1431, 36, 9, 1, 6),
(1432, 37, 9, 1, 6),
(1433, 38, 9, 1, 6),
(1434, 4, 10, 1, 6),
(1435, 5, 10, 1, 6),
(1436, 6, 10, 1, 6),
(1437, 9, 10, 1, 6),
(1438, 10, 10, 1, 6),
(1439, 11, 10, 1, 6),
(1440, 13, 10, 1, 6),
(1441, 14, 10, 1, 6),
(1442, 15, 10, 1, 6),
(1443, 21, 10, 1, 6),
(1444, 22, 10, 1, 6),
(1445, 25, 10, 1, 6),
(1446, 26, 10, 1, 6),
(1447, 29, 10, 1, 6),
(1448, 30, 10, 1, 6),
(1449, 31, 10, 1, 6),
(1450, 32, 10, 1, 6),
(1451, 33, 10, 1, 6),
(1452, 34, 10, 1, 6),
(1453, 35, 10, 1, 6),
(1454, 36, 10, 1, 6),
(1455, 37, 10, 1, 6),
(1456, 38, 10, 1, 6),
(1457, 4, 11, 1, 6),
(1458, 5, 11, 1, 6),
(1459, 6, 11, 1, 6),
(1460, 9, 11, 1, 6),
(1461, 10, 11, 1, 6),
(1462, 11, 11, 1, 6),
(1463, 13, 11, 1, 6),
(1464, 14, 11, 1, 6),
(1465, 15, 11, 1, 6),
(1466, 21, 11, 1, 6),
(1467, 22, 11, 1, 6),
(1468, 25, 11, 1, 6),
(1469, 26, 11, 1, 6),
(1470, 29, 11, 1, 6),
(1471, 30, 11, 1, 6),
(1472, 31, 11, 1, 6),
(1473, 32, 11, 1, 6),
(1474, 33, 11, 1, 6),
(1475, 34, 11, 1, 6),
(1476, 35, 11, 1, 6),
(1477, 36, 11, 1, 6),
(1478, 37, 11, 1, 6),
(1479, 38, 11, 1, 6),
(1480, 4, 12, 1, 6),
(1481, 5, 12, 1, 6),
(1482, 6, 12, 1, 6),
(1483, 9, 12, 1, 6),
(1484, 10, 12, 1, 6),
(1485, 11, 12, 1, 6),
(1486, 13, 12, 1, 6),
(1487, 14, 12, 1, 6),
(1488, 15, 12, 1, 6),
(1489, 21, 12, 1, 6),
(1490, 22, 12, 1, 6),
(1491, 25, 12, 1, 6),
(1492, 26, 12, 1, 6),
(1493, 29, 12, 1, 6),
(1494, 30, 12, 1, 6),
(1495, 31, 12, 1, 6),
(1496, 32, 12, 1, 6),
(1497, 33, 12, 1, 6),
(1498, 34, 12, 1, 6),
(1499, 35, 12, 1, 6),
(1500, 36, 12, 1, 6),
(1501, 37, 12, 1, 6),
(1502, 38, 12, 1, 6),
(1503, 4, 13, 1, 6),
(1504, 5, 13, 1, 6),
(1505, 6, 13, 1, 6),
(1506, 9, 13, 1, 6),
(1507, 10, 13, 1, 6),
(1508, 11, 13, 1, 6),
(1509, 13, 13, 1, 6),
(1510, 14, 13, 1, 6),
(1511, 15, 13, 1, 6),
(1512, 21, 13, 1, 6),
(1513, 22, 13, 1, 6),
(1514, 25, 13, 1, 6),
(1515, 26, 13, 1, 6),
(1516, 29, 13, 1, 6),
(1517, 30, 13, 1, 6),
(1518, 31, 13, 1, 6),
(1519, 32, 13, 1, 6),
(1520, 33, 13, 1, 6),
(1521, 34, 13, 1, 6),
(1522, 35, 13, 1, 6),
(1523, 36, 13, 1, 6),
(1524, 37, 13, 1, 6),
(1525, 38, 13, 1, 6),
(1526, 4, 14, 1, 6),
(1527, 5, 14, 1, 6),
(1528, 6, 14, 1, 6),
(1529, 9, 14, 1, 6),
(1530, 10, 14, 1, 6),
(1531, 11, 14, 1, 6),
(1532, 13, 14, 1, 6),
(1533, 14, 14, 1, 6),
(1534, 15, 14, 1, 6),
(1535, 21, 14, 1, 6),
(1536, 22, 14, 1, 6),
(1537, 25, 14, 1, 6),
(1538, 26, 14, 1, 6),
(1539, 29, 14, 1, 6),
(1540, 30, 14, 1, 6),
(1541, 31, 14, 1, 6),
(1542, 32, 14, 1, 6),
(1543, 33, 14, 1, 6),
(1544, 34, 14, 1, 6),
(1545, 35, 14, 1, 6),
(1546, 36, 14, 1, 6),
(1547, 37, 14, 1, 6),
(1548, 38, 14, 1, 6),
(1549, 4, 15, 1, 6),
(1550, 5, 15, 1, 6),
(1551, 6, 15, 1, 6),
(1552, 9, 15, 1, 6),
(1553, 10, 15, 1, 6),
(1554, 11, 15, 1, 6),
(1555, 13, 15, 1, 6),
(1556, 14, 15, 1, 6),
(1557, 15, 15, 1, 6),
(1558, 21, 15, 1, 6),
(1559, 22, 15, 1, 6),
(1560, 25, 15, 1, 6),
(1561, 26, 15, 1, 6),
(1562, 29, 15, 1, 6),
(1563, 30, 15, 1, 6),
(1564, 31, 15, 1, 6),
(1565, 32, 15, 1, 6),
(1566, 33, 15, 1, 6),
(1567, 34, 15, 1, 6),
(1568, 35, 15, 1, 6),
(1569, 36, 15, 1, 6),
(1570, 37, 15, 1, 6),
(1571, 38, 15, 1, 6),
(1572, 4, 16, 1, 6),
(1573, 5, 16, 1, 6),
(1574, 6, 16, 1, 6),
(1575, 9, 16, 1, 6),
(1576, 10, 16, 1, 6),
(1577, 11, 16, 1, 6),
(1578, 13, 16, 1, 6),
(1579, 14, 16, 1, 6),
(1580, 15, 16, 1, 6),
(1581, 21, 16, 1, 6),
(1582, 22, 16, 1, 6),
(1583, 25, 16, 1, 6),
(1584, 26, 16, 1, 6),
(1585, 29, 16, 1, 6),
(1586, 30, 16, 1, 6),
(1587, 31, 16, 1, 6),
(1588, 32, 16, 1, 6),
(1589, 33, 16, 1, 6),
(1590, 34, 16, 1, 6),
(1591, 35, 16, 1, 6),
(1592, 36, 16, 1, 6),
(1593, 37, 16, 1, 6),
(1594, 38, 16, 1, 6),
(1595, 4, 17, 1, 6),
(1596, 5, 17, 1, 6),
(1597, 6, 17, 1, 6),
(1598, 9, 17, 1, 6),
(1599, 10, 17, 1, 6),
(1600, 11, 17, 1, 6),
(1601, 13, 17, 1, 6),
(1602, 14, 17, 1, 6),
(1603, 15, 17, 1, 6),
(1604, 21, 17, 1, 6),
(1605, 22, 17, 1, 6),
(1606, 25, 17, 1, 6),
(1607, 26, 17, 1, 6),
(1608, 29, 17, 1, 6),
(1609, 30, 17, 1, 6),
(1610, 31, 17, 1, 6),
(1611, 32, 17, 1, 6),
(1612, 33, 17, 1, 6),
(1613, 34, 17, 1, 6),
(1614, 35, 17, 1, 6),
(1615, 36, 17, 1, 6),
(1616, 37, 17, 1, 6),
(1617, 38, 17, 1, 6),
(1618, 4, 18, 1, 6),
(1619, 5, 18, 1, 6),
(1620, 6, 18, 1, 6),
(1621, 9, 18, 1, 6),
(1622, 10, 18, 1, 6),
(1623, 11, 18, 1, 6),
(1624, 13, 18, 1, 6),
(1625, 14, 18, 1, 6),
(1626, 15, 18, 1, 6),
(1627, 21, 18, 1, 6),
(1628, 22, 18, 1, 6),
(1629, 25, 18, 1, 6),
(1630, 26, 18, 1, 6),
(1631, 29, 18, 1, 6),
(1632, 30, 18, 1, 6),
(1633, 31, 18, 1, 6),
(1634, 32, 18, 1, 6),
(1635, 33, 18, 1, 6),
(1636, 34, 18, 1, 6),
(1637, 35, 18, 1, 6),
(1638, 36, 18, 1, 6),
(1639, 37, 18, 1, 6),
(1640, 38, 18, 1, 6),
(1641, 4, 19, 1, 6),
(1642, 5, 19, 1, 6),
(1643, 6, 19, 1, 6),
(1644, 9, 19, 1, 6),
(1645, 10, 19, 1, 6),
(1646, 11, 19, 1, 6),
(1647, 13, 19, 1, 6),
(1648, 14, 19, 1, 6),
(1649, 15, 19, 1, 6),
(1650, 21, 19, 1, 6),
(1651, 22, 19, 1, 6),
(1652, 25, 19, 1, 6),
(1653, 26, 19, 1, 6),
(1654, 29, 19, 1, 6),
(1655, 30, 19, 1, 6),
(1656, 31, 19, 1, 6),
(1657, 32, 19, 1, 6),
(1658, 33, 19, 1, 6),
(1659, 34, 19, 1, 6),
(1660, 35, 19, 1, 6),
(1661, 36, 19, 1, 6),
(1662, 37, 19, 1, 6),
(1663, 38, 19, 1, 6),
(1664, 4, 20, 1, 6),
(1665, 5, 20, 1, 6),
(1666, 6, 20, 1, 6),
(1667, 9, 20, 1, 6),
(1668, 10, 20, 1, 6),
(1669, 11, 20, 1, 6),
(1670, 13, 20, 1, 6),
(1671, 14, 20, 1, 6),
(1672, 15, 20, 1, 6),
(1673, 21, 20, 1, 6),
(1674, 22, 20, 1, 6),
(1675, 25, 20, 1, 6),
(1676, 26, 20, 1, 6),
(1677, 29, 20, 1, 6),
(1678, 30, 20, 1, 6),
(1679, 31, 20, 1, 6),
(1680, 32, 20, 1, 6),
(1681, 33, 20, 1, 6),
(1682, 34, 20, 1, 6),
(1683, 35, 20, 1, 6),
(1684, 36, 20, 1, 6),
(1685, 37, 20, 1, 6),
(1686, 38, 20, 1, 6),
(1687, 4, 21, 1, 6),
(1688, 5, 21, 1, 6),
(1689, 6, 21, 1, 6),
(1690, 9, 21, 1, 6),
(1691, 10, 21, 1, 6),
(1692, 11, 21, 1, 6),
(1693, 13, 21, 1, 6),
(1694, 14, 21, 1, 6),
(1695, 15, 21, 1, 6),
(1696, 21, 21, 1, 6),
(1697, 22, 21, 1, 6),
(1698, 25, 21, 1, 6),
(1699, 26, 21, 1, 6),
(1700, 29, 21, 1, 6),
(1701, 30, 21, 1, 6),
(1702, 31, 21, 1, 6),
(1703, 32, 21, 1, 6),
(1704, 33, 21, 1, 6),
(1705, 34, 21, 1, 6),
(1706, 35, 21, 1, 6),
(1707, 36, 21, 1, 6),
(1708, 37, 21, 1, 6),
(1709, 38, 21, 1, 6),
(1710, 4, 22, 1, 6),
(1711, 5, 22, 1, 6),
(1712, 6, 22, 1, 6),
(1713, 9, 22, 1, 6),
(1714, 10, 22, 1, 6),
(1715, 11, 22, 1, 6),
(1716, 13, 22, 1, 6),
(1717, 14, 22, 1, 6),
(1718, 15, 22, 1, 6),
(1719, 21, 22, 1, 6),
(1720, 22, 22, 1, 6),
(1721, 25, 22, 1, 6),
(1722, 26, 22, 1, 6),
(1723, 29, 22, 1, 6),
(1724, 30, 22, 1, 6),
(1725, 31, 22, 1, 6),
(1726, 32, 22, 1, 6),
(1727, 33, 22, 1, 6),
(1728, 34, 22, 1, 6),
(1729, 35, 22, 1, 6),
(1730, 36, 22, 1, 6),
(1731, 37, 22, 1, 6),
(1732, 38, 22, 1, 6),
(1733, 4, 23, 1, 6),
(1734, 5, 23, 1, 6),
(1735, 6, 23, 1, 6),
(1736, 9, 23, 1, 6),
(1737, 10, 23, 1, 6),
(1738, 11, 23, 1, 6),
(1739, 13, 23, 1, 6),
(1740, 14, 23, 1, 6),
(1741, 15, 23, 1, 6),
(1742, 21, 23, 1, 6),
(1743, 22, 23, 1, 6),
(1744, 25, 23, 1, 6),
(1745, 26, 23, 1, 6),
(1746, 29, 23, 1, 6),
(1747, 30, 23, 1, 6),
(1748, 31, 23, 1, 6),
(1749, 32, 23, 1, 6),
(1750, 33, 23, 1, 6),
(1751, 34, 23, 1, 6),
(1752, 35, 23, 1, 6),
(1753, 36, 23, 1, 6),
(1754, 37, 23, 1, 6),
(1755, 38, 23, 1, 6),
(1756, 4, 24, 1, 6),
(1757, 5, 24, 1, 6),
(1758, 6, 24, 1, 6),
(1759, 9, 24, 1, 6),
(1760, 10, 24, 1, 6),
(1761, 11, 24, 1, 6),
(1762, 13, 24, 1, 6),
(1763, 14, 24, 1, 6),
(1764, 15, 24, 1, 6),
(1765, 21, 24, 1, 6),
(1766, 22, 24, 1, 6),
(1767, 25, 24, 1, 6),
(1768, 26, 24, 1, 6),
(1769, 29, 24, 1, 6),
(1770, 30, 24, 1, 6),
(1771, 31, 24, 1, 6),
(1772, 32, 24, 1, 6),
(1773, 33, 24, 1, 6),
(1774, 34, 24, 1, 6),
(1775, 35, 24, 1, 6),
(1776, 36, 24, 1, 6),
(1777, 37, 24, 1, 6),
(1778, 38, 24, 1, 6),
(1779, 4, 25, 1, 6),
(1780, 5, 25, 1, 6),
(1781, 6, 25, 1, 6),
(1782, 9, 25, 1, 6),
(1783, 10, 25, 1, 6),
(1784, 11, 25, 1, 6),
(1785, 13, 25, 1, 6),
(1786, 14, 25, 1, 6),
(1787, 15, 25, 1, 6),
(1788, 21, 25, 1, 6),
(1789, 22, 25, 1, 6),
(1790, 25, 25, 1, 6),
(1791, 26, 25, 1, 6),
(1792, 29, 25, 1, 6),
(1793, 30, 25, 1, 6),
(1794, 31, 25, 1, 6),
(1795, 32, 25, 1, 6),
(1796, 33, 25, 1, 6),
(1797, 34, 25, 1, 6),
(1798, 35, 25, 1, 6),
(1799, 36, 25, 1, 6),
(1800, 37, 25, 1, 6),
(1801, 38, 25, 1, 6),
(1802, 4, 26, 1, 6),
(1803, 5, 26, 1, 6),
(1804, 6, 26, 1, 6),
(1805, 9, 26, 1, 6),
(1806, 10, 26, 1, 6),
(1807, 11, 26, 1, 6),
(1808, 13, 26, 1, 6),
(1809, 14, 26, 1, 6),
(1810, 15, 26, 1, 6),
(1811, 21, 26, 1, 6),
(1812, 22, 26, 1, 6),
(1813, 25, 26, 1, 6),
(1814, 26, 26, 1, 6),
(1815, 29, 26, 1, 6),
(1816, 30, 26, 1, 6),
(1817, 31, 26, 1, 6),
(1818, 32, 26, 1, 6),
(1819, 33, 26, 1, 6),
(1820, 34, 26, 1, 6),
(1821, 35, 26, 1, 6),
(1822, 36, 26, 1, 6),
(1823, 37, 26, 1, 6),
(1824, 38, 26, 1, 6),
(1825, 4, 27, 1, 6),
(1826, 5, 27, 1, 6),
(1827, 6, 27, 1, 6),
(1828, 9, 27, 1, 6),
(1829, 10, 27, 1, 6),
(1830, 11, 27, 1, 6),
(1831, 13, 27, 1, 6),
(1832, 14, 27, 1, 6),
(1833, 15, 27, 1, 6),
(1834, 21, 27, 1, 6),
(1835, 22, 27, 1, 6),
(1836, 25, 27, 1, 6),
(1837, 26, 27, 1, 6),
(1838, 29, 27, 1, 6),
(1839, 30, 27, 1, 6),
(1840, 31, 27, 1, 6),
(1841, 32, 27, 1, 6),
(1842, 33, 27, 1, 6),
(1843, 34, 27, 1, 6),
(1844, 35, 27, 1, 6),
(1845, 36, 27, 1, 6),
(1846, 37, 27, 1, 6),
(1847, 38, 27, 1, 6),
(1848, 4, 28, 1, 6),
(1849, 5, 28, 1, 6),
(1850, 6, 28, 1, 6),
(1851, 9, 28, 1, 6),
(1852, 10, 28, 1, 6),
(1853, 11, 28, 1, 6),
(1854, 13, 28, 1, 6),
(1855, 14, 28, 1, 6),
(1856, 15, 28, 1, 6),
(1857, 21, 28, 1, 6),
(1858, 22, 28, 1, 6),
(1859, 25, 28, 1, 6),
(1860, 26, 28, 1, 6),
(1861, 29, 28, 1, 6),
(1862, 30, 28, 1, 6),
(1863, 31, 28, 1, 6),
(1864, 32, 28, 1, 6),
(1865, 33, 28, 1, 6),
(1866, 34, 28, 1, 6),
(1867, 35, 28, 1, 6),
(1868, 36, 28, 1, 6),
(1869, 37, 28, 1, 6),
(1870, 38, 28, 1, 6),
(1871, 4, 29, 1, 6),
(1872, 5, 29, 1, 6),
(1873, 6, 29, 1, 6),
(1874, 9, 29, 1, 6),
(1875, 10, 29, 1, 6),
(1876, 11, 29, 1, 6),
(1877, 13, 29, 1, 6),
(1878, 14, 29, 1, 6),
(1879, 15, 29, 1, 6),
(1880, 21, 29, 1, 6),
(1881, 22, 29, 1, 6),
(1882, 25, 29, 1, 6),
(1883, 26, 29, 1, 6),
(1884, 29, 29, 1, 6),
(1885, 30, 29, 1, 6),
(1886, 31, 29, 1, 6),
(1887, 32, 29, 1, 6),
(1888, 33, 29, 1, 6),
(1889, 34, 29, 1, 6),
(1890, 35, 29, 1, 6),
(1891, 36, 29, 1, 6),
(1892, 37, 29, 1, 6),
(1893, 38, 29, 1, 6),
(1894, 4, 30, 1, 6),
(1895, 5, 30, 1, 6),
(1896, 6, 30, 1, 6),
(1897, 9, 30, 1, 6),
(1898, 10, 30, 1, 6),
(1899, 11, 30, 1, 6),
(1900, 13, 30, 1, 6),
(1901, 14, 30, 1, 6),
(1902, 15, 30, 1, 6),
(1903, 21, 30, 1, 6),
(1904, 22, 30, 1, 6),
(1905, 25, 30, 1, 6),
(1906, 26, 30, 1, 6),
(1907, 29, 30, 1, 6),
(1908, 30, 30, 1, 6),
(1909, 31, 30, 1, 6),
(1910, 32, 30, 1, 6),
(1911, 33, 30, 1, 6),
(1912, 34, 30, 1, 6),
(1913, 35, 30, 1, 6),
(1914, 36, 30, 1, 6),
(1915, 37, 30, 1, 6),
(1916, 38, 30, 1, 6),
(1917, 4, 31, 1, 6),
(1918, 5, 31, 1, 6),
(1919, 6, 31, 1, 6),
(1920, 9, 31, 1, 6),
(1921, 10, 31, 1, 6),
(1922, 11, 31, 1, 6),
(1923, 13, 31, 1, 6),
(1924, 14, 31, 1, 6),
(1925, 15, 31, 1, 6),
(1926, 21, 31, 1, 6),
(1927, 22, 31, 1, 6),
(1928, 25, 31, 1, 6),
(1929, 26, 31, 1, 6),
(1930, 29, 31, 1, 6),
(1931, 30, 31, 1, 6),
(1932, 31, 31, 1, 6),
(1933, 32, 31, 1, 6),
(1934, 33, 31, 1, 6),
(1935, 34, 31, 1, 6),
(1936, 35, 31, 1, 6),
(1937, 36, 31, 1, 6),
(1938, 37, 31, 1, 6),
(1939, 38, 31, 1, 6),
(1940, 4, 32, 1, 6),
(1941, 5, 32, 1, 6),
(1942, 6, 32, 1, 6),
(1943, 9, 32, 1, 6),
(1944, 10, 32, 1, 6),
(1945, 11, 32, 1, 6),
(1946, 13, 32, 1, 6),
(1947, 14, 32, 1, 6),
(1948, 15, 32, 1, 6),
(1949, 21, 32, 1, 6),
(1950, 22, 32, 1, 6),
(1951, 25, 32, 1, 6),
(1952, 26, 32, 1, 6),
(1953, 29, 32, 1, 6),
(1954, 30, 32, 1, 6),
(1955, 31, 32, 1, 6),
(1956, 32, 32, 1, 6),
(1957, 33, 32, 1, 6),
(1958, 34, 32, 1, 6),
(1959, 35, 32, 1, 6),
(1960, 36, 32, 1, 6),
(1961, 37, 32, 1, 6),
(1962, 38, 32, 1, 6),
(1963, 4, 33, 1, 6),
(1964, 5, 33, 1, 6),
(1965, 6, 33, 1, 6),
(1966, 9, 33, 1, 6),
(1967, 10, 33, 1, 6),
(1968, 11, 33, 1, 6),
(1969, 13, 33, 1, 6),
(1970, 14, 33, 1, 6),
(1971, 15, 33, 1, 6),
(1972, 21, 33, 1, 6),
(1973, 22, 33, 1, 6),
(1974, 25, 33, 1, 6),
(1975, 26, 33, 1, 6),
(1976, 29, 33, 1, 6),
(1977, 30, 33, 1, 6),
(1978, 31, 33, 1, 6),
(1979, 32, 33, 1, 6),
(1980, 33, 33, 1, 6),
(1981, 34, 33, 1, 6),
(1982, 35, 33, 1, 6),
(1983, 36, 33, 1, 6),
(1984, 37, 33, 1, 6),
(1985, 38, 33, 1, 6),
(1986, 4, 34, 1, 6),
(1987, 5, 34, 1, 6),
(1988, 6, 34, 1, 6),
(1989, 9, 34, 1, 6),
(1990, 10, 34, 1, 6),
(1991, 11, 34, 1, 6),
(1992, 13, 34, 1, 6),
(1993, 14, 34, 1, 6),
(1994, 15, 34, 1, 6),
(1995, 21, 34, 1, 6),
(1996, 22, 34, 1, 6),
(1997, 25, 34, 1, 6),
(1998, 26, 34, 1, 6),
(1999, 29, 34, 1, 6),
(2000, 30, 34, 1, 6),
(2001, 31, 34, 1, 6),
(2002, 32, 34, 1, 6),
(2003, 33, 34, 1, 6),
(2004, 34, 34, 1, 6),
(2005, 35, 34, 1, 6),
(2006, 36, 34, 1, 6),
(2007, 37, 34, 1, 6),
(2008, 38, 34, 1, 6),
(2009, 4, 35, 1, 6),
(2010, 5, 35, 1, 6),
(2011, 6, 35, 1, 6),
(2012, 9, 35, 1, 6),
(2013, 10, 35, 1, 6),
(2014, 11, 35, 1, 6),
(2015, 13, 35, 1, 6),
(2016, 14, 35, 1, 6),
(2017, 15, 35, 1, 6),
(2018, 21, 35, 1, 6),
(2019, 22, 35, 1, 6),
(2020, 25, 35, 1, 6),
(2021, 26, 35, 1, 6),
(2022, 29, 35, 1, 6),
(2023, 30, 35, 1, 6),
(2024, 31, 35, 1, 6),
(2025, 32, 35, 1, 6),
(2026, 33, 35, 1, 6),
(2027, 34, 35, 1, 6),
(2028, 35, 35, 1, 6),
(2029, 36, 35, 1, 6),
(2030, 37, 35, 1, 6),
(2031, 38, 35, 1, 6),
(2032, 4, 36, 1, 6),
(2033, 5, 36, 1, 6),
(2034, 6, 36, 1, 6),
(2035, 9, 36, 1, 6),
(2036, 10, 36, 1, 6),
(2037, 11, 36, 1, 6),
(2038, 13, 36, 1, 6),
(2039, 14, 36, 1, 6),
(2040, 15, 36, 1, 6),
(2041, 21, 36, 1, 6),
(2042, 22, 36, 1, 6),
(2043, 25, 36, 1, 6),
(2044, 26, 36, 1, 6),
(2045, 29, 36, 1, 6),
(2046, 30, 36, 1, 6),
(2047, 31, 36, 1, 6),
(2048, 32, 36, 1, 6),
(2049, 33, 36, 1, 6),
(2050, 34, 36, 1, 6),
(2051, 35, 36, 1, 6),
(2052, 36, 36, 1, 6),
(2053, 37, 36, 1, 6),
(2054, 38, 36, 1, 6),
(2055, 4, 37, 1, 6),
(2056, 5, 37, 1, 6),
(2057, 6, 37, 1, 6),
(2058, 9, 37, 1, 6),
(2059, 10, 37, 1, 6),
(2060, 11, 37, 1, 6),
(2061, 13, 37, 1, 6),
(2062, 14, 37, 1, 6),
(2063, 15, 37, 1, 6),
(2064, 21, 37, 1, 6),
(2065, 22, 37, 1, 6),
(2066, 25, 37, 1, 6),
(2067, 26, 37, 1, 6),
(2068, 29, 37, 1, 6),
(2069, 30, 37, 1, 6),
(2070, 31, 37, 1, 6),
(2071, 32, 37, 1, 6),
(2072, 33, 37, 1, 6),
(2073, 34, 37, 1, 6),
(2074, 35, 37, 1, 6),
(2075, 36, 37, 1, 6),
(2076, 37, 37, 1, 6),
(2077, 38, 37, 1, 6),
(2078, 4, 38, 1, 6),
(2079, 5, 38, 1, 6),
(2080, 6, 38, 1, 6),
(2081, 9, 38, 1, 6),
(2082, 10, 38, 1, 6),
(2083, 11, 38, 1, 6),
(2084, 13, 38, 1, 6),
(2085, 14, 38, 1, 6),
(2086, 15, 38, 1, 6),
(2087, 21, 38, 1, 6),
(2088, 22, 38, 1, 6),
(2089, 25, 38, 1, 6),
(2090, 26, 38, 1, 6),
(2091, 29, 38, 1, 6),
(2092, 30, 38, 1, 6),
(2093, 31, 38, 1, 6),
(2094, 32, 38, 1, 6),
(2095, 33, 38, 1, 6),
(2096, 34, 38, 1, 6),
(2097, 35, 38, 1, 6),
(2098, 36, 38, 1, 6),
(2099, 37, 38, 1, 6),
(2100, 38, 38, 1, 6),
(2101, 4, 39, 1, 6),
(2102, 5, 39, 1, 6),
(2103, 6, 39, 1, 6),
(2104, 9, 39, 1, 6),
(2105, 10, 39, 1, 6),
(2106, 11, 39, 1, 6),
(2107, 13, 39, 1, 6),
(2108, 14, 39, 1, 6),
(2109, 15, 39, 1, 6),
(2110, 21, 39, 1, 6),
(2111, 22, 39, 1, 6),
(2112, 25, 39, 1, 6),
(2113, 26, 39, 1, 6),
(2114, 29, 39, 1, 6),
(2115, 30, 39, 1, 6),
(2116, 31, 39, 1, 6),
(2117, 32, 39, 1, 6),
(2118, 33, 39, 1, 6),
(2119, 34, 39, 1, 6),
(2120, 35, 39, 1, 6),
(2121, 36, 39, 1, 6),
(2122, 37, 39, 1, 6),
(2123, 38, 39, 1, 6),
(2124, 4, 40, 1, 6),
(2125, 5, 40, 1, 6),
(2126, 6, 40, 1, 6),
(2127, 9, 40, 1, 6),
(2128, 10, 40, 1, 6),
(2129, 11, 40, 1, 6),
(2130, 13, 40, 1, 6),
(2131, 14, 40, 1, 6),
(2132, 15, 40, 1, 6),
(2133, 21, 40, 1, 6),
(2134, 22, 40, 1, 6),
(2135, 25, 40, 1, 6),
(2136, 26, 40, 1, 6),
(2137, 29, 40, 1, 6),
(2138, 30, 40, 1, 6),
(2139, 31, 40, 1, 6),
(2140, 32, 40, 1, 6),
(2141, 33, 40, 1, 6),
(2142, 34, 40, 1, 6),
(2143, 35, 40, 1, 6),
(2144, 36, 40, 1, 6),
(2145, 37, 40, 1, 6),
(2146, 38, 40, 1, 6),
(2147, 4, 41, 1, 6),
(2148, 5, 41, 1, 6),
(2149, 6, 41, 1, 6),
(2150, 9, 41, 1, 6),
(2151, 10, 41, 1, 6),
(2152, 11, 41, 1, 6),
(2153, 13, 41, 1, 6),
(2154, 14, 41, 1, 6),
(2155, 15, 41, 1, 6),
(2156, 21, 41, 1, 6),
(2157, 22, 41, 1, 6),
(2158, 25, 41, 1, 6),
(2159, 26, 41, 1, 6),
(2160, 29, 41, 1, 6),
(2161, 30, 41, 1, 6),
(2162, 31, 41, 1, 6),
(2163, 32, 41, 1, 6),
(2164, 33, 41, 1, 6),
(2165, 34, 41, 1, 6),
(2166, 35, 41, 1, 6),
(2167, 36, 41, 1, 6),
(2168, 37, 41, 1, 6),
(2169, 38, 41, 1, 6);

-- --------------------------------------------------------

--
-- Estructura de tabla para la tabla `horarios_aulas_cursos`
--

CREATE TABLE `horarios_aulas_cursos` (
  `id_horarios_aulas_cursos` int(11) NOT NULL,
  `id_horario__aula` int(11) NOT NULL,
  `id_curso` int(11) NOT NULL
) ENGINE=InnoDB DEFAULT CHARSET=utf8;

--
-- Volcado de datos para la tabla `horarios_aulas_cursos`
--

INSERT INTO `horarios_aulas_cursos` (`id_horarios_aulas_cursos`, `id_horario__aula`, `id_curso`) VALUES
(25, 10, 35),
(28, 11, 33),
(32, 12, 34),
(36, 20, 36),
(26, 24, 35),
(31, 25, 33),
(33, 26, 34),
(37, 34, 36),
(27, 38, 35),
(30, 39, 33),
(35, 40, 34);

-- --------------------------------------------------------

--
-- Estructura de tabla para la tabla `materias`
--

CREATE TABLE `materias` (
  `id_materia` int(11) NOT NULL,
  `cod_materia` varchar(20) NOT NULL,
  `nombre_materia` varchar(100) NOT NULL,
  `departamento` varchar(60) NOT NULL,
  `horas_semana` int(5) NOT NULL
) ENGINE=InnoDB DEFAULT CHARSET=utf8;

--
-- Volcado de datos para la tabla `materias`
--

INSERT INTO `materias` (`id_materia`, `cod_materia`, `nombre_materia`, `departamento`, `horas_semana`) VALUES
(7, 'CADMA0G00', 'Gestión  y Emprendimiento', 'CIENCIAS ECONÓMICAS, ADMINISTRATIVAS Y DEL COMERCIO', 4),
(8, 'CHUMA0100', 'Metodología de la Investigación Científica', 'CIENCIAS HUMANAS Y SOCIALE', 4),
(9, 'COMPA0F03', 'Modelos Discretos para Ingeniería SO', 'CIENCIAS DE LA COMPUTACIÓN', 6),
(10, 'COMPA0G01', 'Fundamentos de la Ingeniería de Software', 'CIENCIAS DE LA COMPUTACIÓN', 4),
(11, 'COMPA0G02', 'Metodologías de Desarrollo Software', 'CIENCIAS DE LA COMPUTACIÓN', 6),
(12, 'COMPA0G04', 'Ingeniería de Usabilidad', 'CIENCIAS DE LA COMPUTACIÓN', 4),
(13, 'COMPA0G06', 'Modelos de Procesos de Desarrollo de Software', 'CIENCIAS DE LA COMPUTACIÓN', 4),
(14, 'COMPA0G07', 'Programación Web', 'CIENCIAS DE LA COMPUTACIÓN', 6),
(15, 'COMPA0G09', 'Desarrollo Web Avanzado', 'CIENCIAS DE LA COMPUTACIÓN', 6),
(16, 'COMPA0G10', 'Ingenieria de Requisitos de Software', 'CIENCIAS DE LA COMPUTACIÓN', 6),
(17, 'COMPA0G11', 'Análisis y diseño de software', 'CIENCIAS DE LA COMPUTACIÓN', 4),
(18, 'COMPA0G12', 'Desarrollo de Aplicaciones Móviles', 'CIENCIAS DE LA COMPUTACIÓN', 4),
(19, 'COMPA0G15', 'Pruebas  de Software', 'CIENCIAS DE LA COMPUTACIÓN', 4),
(20, 'COMPA0G16', 'Aplicaciones Distribuidas', 'CIENCIAS DE LA COMPUTACIÓN', 4),
(21, 'COMPA0G18', 'Aseguramiento de la Calidad de Software', 'CIENCIAS DE LA COMPUTACIÓN', 4),
(22, 'COMPA0G19', 'Desarrollo de Software  Seguro', 'CIENCIAS DE LA COMPUTACIÓN', 4),
(23, 'COMPA0G21', 'Arquitectura de Software', 'CIENCIAS DE LA COMPUTACIÓN', 4),
(24, 'COMPA0G23', 'Construcción y Evolución del Software', 'CIENCIAS DE LA COMPUTACIÓN', 4),
(25, 'COMPA0G24', 'Desarrollo de Software Aplicado al Dominio de la Interculturalidad', 'CIENCIAS DE LA COMPUTACIÓN', 4),
(26, 'COMPA0G25', 'Gestión de Proyectos de Software', 'CIENCIAS DE LA COMPUTACIÓN', 4),
(27, 'COMPA0H02', 'Sistemas de Bases de Datos', 'CIENCIAS DE LA COMPUTACIÓN', 6),
(28, 'COMPA0H04', 'Sistemas Avanzados de Bases de Datos', 'CIENCIAS DE LA COMPUTACIÓN', 6),
(29, 'COMPA0I01', 'Computación Digital', 'CIENCIAS DE LA COMPUTACIÓN', 6),
(30, 'COMPA0I07', 'Redes de Computadores', 'CIENCIAS DE LA COMPUTACIÓN', 4),
(31, 'COMPA0I08', 'Sistemas Operativos', 'CIENCIAS DE LA COMPUTACIÓN', 4),
(32, 'COMPA0I09', 'Ingeniería de la Seguridad del Software', 'CIENCIAS DE LA COMPUTACIÓN', 4),
(33, 'COMPA0J01', 'Fundamentos de Programación', 'CIENCIAS DE LA COMPUTACIÓN', 6),
(34, 'COMPA0J07', 'Programación Orientada a Objetos', 'CIENCIAS DE LA COMPUTACIÓN', 6),
(35, 'COMPA0J08', 'Programación Orientada a Objetos', 'CIENCIAS DE LA COMPUTACIÓN', 8),
(36, 'COMPA0J09', 'Estructura de Datos', 'CIENCIAS DE LA COMPUTACIÓN', 6),
(37, 'COMPA0J11', 'Computación Paralela', 'CIENCIAS DE LA COMPUTACIÓN', 4),
(38, 'COMPA0J13', 'Computacion Gráfica', 'CIENCIAS DE LA COMPUTACIÓN', 4),
(39, 'COMPA0J14', 'Desarrollo de Video Juegos', 'CIENCIAS DE LA COMPUTACIÓN', 4),
(40, 'COMPA0K01', 'Investigación en la Ingeniería de Software', 'CIENCIAS DE LA COMPUTACIÓN', 4),
(41, 'COMPA0K03', 'Lectura y Escritura de Textos Académicos', 'CIENCIAS DE LA COMPUTACIÓN', 4),
(42, 'COMPA0L03', 'Aplicaciones Basadas en el Conocimiento', 'CIENCIAS DE LA COMPUTACIÓN', 6),
(43, 'EXCTA0001', 'Física I', 'CIENCIAS EXACTAS', 4),
(44, 'EXCTA0201', 'Química I', 'CIENCIAS EXACTAS', 6),
(45, 'EXCTA0301', 'Calculo Diferencial e Integral', 'CIENCIAS EXACTAS', 6),
(46, 'EXCTA0302', 'Álgebra Lineal', 'CIENCIAS EXACTAS', 4),
(47, 'EXCTA0303', 'Calculo Vectorial', 'CIENCIAS EXACTAS', 4),
(48, 'EXCTA0401', 'Ecuaciones Diferenciales Ordinarias', 'CIENCIAS EXACTAS', 4),
(49, 'EXCTA0402', 'Métodos Numéricos', 'CIENCIAS EXACTAS', 4),
(50, 'EXCTA0501', 'Estadística', 'CIENCIAS EXACTAS', 6),
(51, 'SEGDA0000', 'Liderazgo', 'SEGURIDAD Y DEFENSA', 4),
(52, 'SEGDA0100', 'Realidad Nacional y Geopolítica', 'SEGURIDAD Y DEFENSA', 4),
(53, 'TCONA0301', 'Cultura Ambiental', 'CIENCIAS DE LA TIERRA Y LA CONSTRUCCIÓN', 4);

-- --------------------------------------------------------

--
-- Estructura de tabla para la tabla `novedades`
--

CREATE TABLE `novedades` (
  `id_novedad` int(11) NOT NULL,
  `fecha_novedad` datetime DEFAULT NULL,
  `descripcion` varchar(200) DEFAULT NULL,
  `estado` varchar(45) DEFAULT NULL,
  `id_usuario` int(11) NOT NULL,
  `id_aula` int(11) NOT NULL
) ENGINE=InnoDB DEFAULT CHARSET=utf8;

--
-- Volcado de datos para la tabla `novedades`
--

INSERT INTO `novedades` (`id_novedad`, `fecha_novedad`, `descripcion`, `estado`, `id_usuario`, `id_aula`) VALUES
(5, '2024-03-09 18:22:00', 'El infocus no funciona', 'NO RESUELTO', 11, 6),
(6, '2024-03-09 18:22:00', 'Sigue sin funcionar el infocus, solucionar pronto', 'NO RESUELTO', 11, 6);

-- --------------------------------------------------------

--
-- Estructura de tabla para la tabla `perfiles`
--

CREATE TABLE `perfiles` (
  `id_perfil` int(11) NOT NULL,
  `tipo_perfil` varchar(45) NOT NULL,
  `privilegios` varchar(300) NOT NULL,
  `funciones` varchar(45) NOT NULL
) ENGINE=InnoDB DEFAULT CHARSET=utf8;

--
-- Volcado de datos para la tabla `perfiles`
--

INSERT INTO `perfiles` (`id_perfil`, `tipo_perfil`, `privilegios`, `funciones`) VALUES
(3, 'admin', 'editar modificar seleccionar eliminar', ''),
(4, 'docente', 'seleccionar', ''),
(5, 'apoyo', 'ver crear actualizar eliminar', '');

-- --------------------------------------------------------

--
-- Estructura de tabla para la tabla `periodos`
--

CREATE TABLE `periodos` (
  `id_periodo` int(11) NOT NULL,
  `nombre_periodo` varchar(45) NOT NULL,
  `fecha_inicio` date NOT NULL,
  `fecha_fin` date NOT NULL
) ENGINE=InnoDB DEFAULT CHARSET=utf8;

--
-- Volcado de datos para la tabla `periodos`
--

INSERT INTO `periodos` (`id_periodo`, `nombre_periodo`, `fecha_inicio`, `fecha_fin`) VALUES
(4, '2024-abr9-ago9', '2024-04-09', '2024-08-09'),
(5, 'prueba', '2024-03-10', '2024-06-21'),
(6, 'periodoSinHoras', '0000-00-00', '0000-00-00');

-- --------------------------------------------------------

--
-- Estructura de tabla para la tabla `periodos_docentes`
--

CREATE TABLE `periodos_docentes` (
  `id_periodo_docente` int(11) NOT NULL,
  `id_periodo` int(11) NOT NULL,
  `id_docente` int(11) NOT NULL,
  `horas_asignadas` int(11) NOT NULL DEFAULT '0'
) ENGINE=InnoDB DEFAULT CHARSET=utf8;

--
-- Volcado de datos para la tabla `periodos_docentes`
--

INSERT INTO `periodos_docentes` (`id_periodo_docente`, `id_periodo`, `id_docente`, `horas_asignadas`) VALUES
(3, 4, 8, 4),
(4, 4, 9, 10),
(5, 4, 10, 8),
(6, 4, 11, 8),
(7, 5, 8, 16),
(8, 5, 9, 16),
(9, 5, 10, 8),
(10, 5, 11, 8),
(11, 6, 8, 16),
(12, 6, 9, 16),
(13, 6, 10, 8),
(14, 6, 11, 8);

-- --------------------------------------------------------

--
-- Estructura de tabla para la tabla `periodos_horarios`
--

CREATE TABLE `periodos_horarios` (
  `id_periodo_horario` int(11) NOT NULL,
  `id_periodo` int(11) NOT NULL,
  `id_horario` int(11) NOT NULL
) ENGINE=InnoDB DEFAULT CHARSET=utf8;

--
-- Volcado de datos para la tabla `periodos_horarios`
--

INSERT INTO `periodos_horarios` (`id_periodo_horario`, `id_periodo`, `id_horario`) VALUES
(2, 4, 4),
(3, 4, 5),
(4, 4, 6),
(5, 4, 7),
(6, 4, 8),
(7, 4, 9),
(8, 4, 10),
(9, 4, 11),
(10, 4, 12),
(11, 4, 13),
(12, 4, 14),
(13, 4, 15),
(14, 4, 16),
(15, 4, 17),
(16, 4, 18),
(17, 4, 19),
(18, 4, 20),
(19, 4, 21),
(20, 4, 22),
(21, 4, 23),
(22, 4, 24),
(23, 4, 25),
(24, 4, 26),
(25, 4, 27),
(26, 4, 28),
(27, 4, 29),
(28, 4, 30),
(29, 4, 31),
(30, 4, 32),
(31, 4, 33),
(32, 4, 34),
(33, 4, 35),
(34, 4, 36),
(35, 4, 37),
(36, 4, 38),
(37, 5, 4),
(38, 5, 5),
(39, 6, 4),
(40, 6, 5),
(41, 6, 6),
(42, 6, 9),
(43, 6, 10),
(44, 6, 11),
(45, 6, 13),
(46, 6, 14),
(47, 6, 15),
(48, 6, 21),
(49, 6, 22),
(50, 6, 25),
(51, 6, 26),
(52, 6, 29),
(53, 6, 30),
(54, 6, 31),
(55, 6, 32),
(56, 6, 33),
(57, 6, 34),
(58, 6, 35),
(59, 6, 36),
(60, 6, 37),
(61, 6, 38);

-- --------------------------------------------------------

--
-- Estructura de tabla para la tabla `usuarios`
--

CREATE TABLE `usuarios` (
  `id_usuario` int(11) NOT NULL,
  `cod_usuario` varchar(45) NOT NULL,
  `nombre` varchar(45) NOT NULL,
  `apellido` varchar(45) NOT NULL,
  `usuario` varchar(45) NOT NULL,
  `clave` varchar(250) DEFAULT NULL,
  `id_perfil` int(11) NOT NULL
) ENGINE=InnoDB DEFAULT CHARSET=utf8;

--
-- Volcado de datos para la tabla `usuarios`
--

INSERT INTO `usuarios` (`id_usuario`, `cod_usuario`, `nombre`, `apellido`, `usuario`, `clave`, `id_perfil`) VALUES
(10, 'L00000001', 'admin', 'admin', 'admin', '$2y$10$hHpzFX2mfFEvzeuOA87n0eVdGr7CWWhQItg9LTNzrYzfzWz4u4X9y', 3),
(11, 'L00000002', 'Stephen', 'Drouet', 'sddrouet', '$2y$10$hHpzFX2mfFEvzeuOA87n0eVdGr7CWWhQItg9LTNzrYzfzWz4u4X9y', 4),
(12, 'L00000003', 'Javier', 'Gonzaga', 'jjgonzaga', '$2y$10$hHpzFX2mfFEvzeuOA87n0eVdGr7CWWhQItg9LTNzrYzfzWz4u4X9y', 4),
(13, 'L00000004', 'Aquiles', 'Paredes', 'aapareces', '$2y$10$hHpzFX2mfFEvzeuOA87n0eVdGr7CWWhQItg9LTNzrYzfzWz4u4X9y', 4),
(14, 'L00000005', 'Marta', 'Cielo', 'mmcielo', '$2y$10$hHpzFX2mfFEvzeuOA87n0eVdGr7CWWhQItg9LTNzrYzfzWz4u4X9y', 4);

--
-- Índices para tablas volcadas
--

--
-- Indices de la tabla `aulas`
--
ALTER TABLE `aulas`
  ADD PRIMARY KEY (`id_aula`),
  ADD UNIQUE KEY `cod_aula_UNIQUE` (`cod_aula`);

--
-- Indices de la tabla `carreras`
--
ALTER TABLE `carreras`
  ADD PRIMARY KEY (`id_carrera`);

--
-- Indices de la tabla `carreras_cursos`
--
ALTER TABLE `carreras_cursos`
  ADD PRIMARY KEY (`id_carrera_curso`,`id_carrera`,`id_curso`),
  ADD KEY `fk_carreras_has_cursos_carreras1` (`id_carrera`),
  ADD KEY `fk_carreras_has_cursos_cursos1` (`id_curso`);

--
-- Indices de la tabla `cursos`
--
ALTER TABLE `cursos`
  ADD PRIMARY KEY (`id_curso`,`periodos_id_periodo`,`id_materia`),
  ADD UNIQUE KEY `nrc_UNIQUE` (`nrc`),
  ADD KEY `fk_cursos_periodos1` (`periodos_id_periodo`),
  ADD KEY `fk_cursos_docentes1` (`id_docente`),
  ADD KEY `fk_cursos_materias1` (`id_materia`);

--
-- Indices de la tabla `docentes`
--
ALTER TABLE `docentes`
  ADD PRIMARY KEY (`id_docente`,`id_usuario`),
  ADD UNIQUE KEY `id_usuario_UNIQUE` (`id_usuario`);

--
-- Indices de la tabla `horarios`
--
ALTER TABLE `horarios`
  ADD PRIMARY KEY (`id_horario`);

--
-- Indices de la tabla `horarios_aulas`
--
ALTER TABLE `horarios_aulas`
  ADD PRIMARY KEY (`id_horario__aula`,`id_horario`,`id_aula`),
  ADD KEY `fk_horarios_has_aulas_horarios1` (`id_horario`),
  ADD KEY `fk_horarios_aulas_aulas1` (`id_aula`),
  ADD KEY `fk_horarios_aulas_periodos` (`id_periodo`);

--
-- Indices de la tabla `horarios_aulas_cursos`
--
ALTER TABLE `horarios_aulas_cursos`
  ADD PRIMARY KEY (`id_horarios_aulas_cursos`,`id_horario__aula`,`id_curso`),
  ADD KEY `fk_horarios_aulas_has_cursos_horarios_aulas1` (`id_horario__aula`),
  ADD KEY `fk_horarios_aulas_has_cursos_cursos1` (`id_curso`);

--
-- Indices de la tabla `materias`
--
ALTER TABLE `materias`
  ADD PRIMARY KEY (`id_materia`),
  ADD UNIQUE KEY `cod_materia_UNIQUE` (`cod_materia`);

--
-- Indices de la tabla `novedades`
--
ALTER TABLE `novedades`
  ADD PRIMARY KEY (`id_novedad`,`id_usuario`,`id_aula`),
  ADD KEY `fk_novedades_usuarios1` (`id_usuario`),
  ADD KEY `fk_novedades_aulas1` (`id_aula`);

--
-- Indices de la tabla `perfiles`
--
ALTER TABLE `perfiles`
  ADD PRIMARY KEY (`id_perfil`);

--
-- Indices de la tabla `periodos`
--
ALTER TABLE `periodos`
  ADD PRIMARY KEY (`id_periodo`);

--
-- Indices de la tabla `periodos_docentes`
--
ALTER TABLE `periodos_docentes`
  ADD PRIMARY KEY (`id_periodo_docente`,`id_periodo`,`id_docente`),
  ADD KEY `fk_periodos_has_docentes_periodos1` (`id_periodo`),
  ADD KEY `fk_periodos_docentes_docentes1` (`id_docente`);

--
-- Indices de la tabla `periodos_horarios`
--
ALTER TABLE `periodos_horarios`
  ADD PRIMARY KEY (`id_periodo_horario`,`id_periodo`,`id_horario`),
  ADD KEY `fk_periodos_has_horarios_periodos` (`id_periodo`),
  ADD KEY `fk_periodos_has_horarios_horarios1` (`id_horario`);

--
-- Indices de la tabla `usuarios`
--
ALTER TABLE `usuarios`
  ADD PRIMARY KEY (`id_usuario`,`id_perfil`),
  ADD UNIQUE KEY `cod_usuario_UNIQUE` (`cod_usuario`),
  ADD UNIQUE KEY `unique_usuario` (`usuario`),
  ADD KEY `fk_usuarios_perfiles1` (`id_perfil`);

--
-- AUTO_INCREMENT de las tablas volcadas
--

--
-- AUTO_INCREMENT de la tabla `aulas`
--
ALTER TABLE `aulas`
  MODIFY `id_aula` int(11) NOT NULL AUTO_INCREMENT, AUTO_INCREMENT=42;

--
-- AUTO_INCREMENT de la tabla `carreras`
--
ALTER TABLE `carreras`
  MODIFY `id_carrera` int(11) NOT NULL AUTO_INCREMENT, AUTO_INCREMENT=5;

--
-- AUTO_INCREMENT de la tabla `carreras_cursos`
--
ALTER TABLE `carreras_cursos`
  MODIFY `id_carrera_curso` int(11) NOT NULL AUTO_INCREMENT, AUTO_INCREMENT=10;

--
-- AUTO_INCREMENT de la tabla `cursos`
--
ALTER TABLE `cursos`
  MODIFY `id_curso` int(11) NOT NULL AUTO_INCREMENT, AUTO_INCREMENT=39;

--
-- AUTO_INCREMENT de la tabla `docentes`
--
ALTER TABLE `docentes`
  MODIFY `id_docente` int(11) NOT NULL AUTO_INCREMENT, AUTO_INCREMENT=12;

--
-- AUTO_INCREMENT de la tabla `horarios`
--
ALTER TABLE `horarios`
  MODIFY `id_horario` int(11) NOT NULL AUTO_INCREMENT, AUTO_INCREMENT=39;

--
-- AUTO_INCREMENT de la tabla `horarios_aulas`
--
ALTER TABLE `horarios_aulas`
  MODIFY `id_horario__aula` int(11) NOT NULL AUTO_INCREMENT, AUTO_INCREMENT=2170;

--
-- AUTO_INCREMENT de la tabla `horarios_aulas_cursos`
--
ALTER TABLE `horarios_aulas_cursos`
  MODIFY `id_horarios_aulas_cursos` int(11) NOT NULL AUTO_INCREMENT, AUTO_INCREMENT=38;

--
-- AUTO_INCREMENT de la tabla `materias`
--
ALTER TABLE `materias`
  MODIFY `id_materia` int(11) NOT NULL AUTO_INCREMENT, AUTO_INCREMENT=54;

--
-- AUTO_INCREMENT de la tabla `novedades`
--
ALTER TABLE `novedades`
  MODIFY `id_novedad` int(11) NOT NULL AUTO_INCREMENT, AUTO_INCREMENT=7;

--
-- AUTO_INCREMENT de la tabla `perfiles`
--
ALTER TABLE `perfiles`
  MODIFY `id_perfil` int(11) NOT NULL AUTO_INCREMENT, AUTO_INCREMENT=6;

--
-- AUTO_INCREMENT de la tabla `periodos`
--
ALTER TABLE `periodos`
  MODIFY `id_periodo` int(11) NOT NULL AUTO_INCREMENT, AUTO_INCREMENT=7;

--
-- AUTO_INCREMENT de la tabla `periodos_docentes`
--
ALTER TABLE `periodos_docentes`
  MODIFY `id_periodo_docente` int(11) NOT NULL AUTO_INCREMENT, AUTO_INCREMENT=15;

--
-- AUTO_INCREMENT de la tabla `periodos_horarios`
--
ALTER TABLE `periodos_horarios`
  MODIFY `id_periodo_horario` int(11) NOT NULL AUTO_INCREMENT, AUTO_INCREMENT=62;

--
-- AUTO_INCREMENT de la tabla `usuarios`
--
ALTER TABLE `usuarios`
  MODIFY `id_usuario` int(11) NOT NULL AUTO_INCREMENT, AUTO_INCREMENT=19;

--
-- Restricciones para tablas volcadas
--

--
-- Filtros para la tabla `carreras_cursos`
--
ALTER TABLE `carreras_cursos`
  ADD CONSTRAINT `fk_carreras_has_cursos_carreras1` FOREIGN KEY (`id_carrera`) REFERENCES `carreras` (`id_carrera`),
  ADD CONSTRAINT `fk_carreras_has_cursos_cursos1` FOREIGN KEY (`id_curso`) REFERENCES `cursos` (`id_curso`);

--
-- Filtros para la tabla `cursos`
--
ALTER TABLE `cursos`
  ADD CONSTRAINT `fk_cursos_materias1` FOREIGN KEY (`id_materia`) REFERENCES `materias` (`id_materia`),
  ADD CONSTRAINT `fk_cursos_periodos1` FOREIGN KEY (`periodos_id_periodo`) REFERENCES `periodos` (`id_periodo`);

--
-- Filtros para la tabla `docentes`
--
ALTER TABLE `docentes`
  ADD CONSTRAINT `fk_docentes_usuarios1` FOREIGN KEY (`id_usuario`) REFERENCES `usuarios` (`id_usuario`);

--
-- Filtros para la tabla `horarios_aulas`
--
ALTER TABLE `horarios_aulas`
  ADD CONSTRAINT `fk_horarios_aulas_aulas1` FOREIGN KEY (`id_aula`) REFERENCES `aulas` (`id_aula`),
  ADD CONSTRAINT `fk_horarios_aulas_periodos` FOREIGN KEY (`id_periodo`) REFERENCES `periodos` (`id_periodo`),
  ADD CONSTRAINT `fk_horarios_has_aulas_horarios1` FOREIGN KEY (`id_horario`) REFERENCES `horarios` (`id_horario`);

--
-- Filtros para la tabla `horarios_aulas_cursos`
--
ALTER TABLE `horarios_aulas_cursos`
  ADD CONSTRAINT `fk_horarios_aulas_has_cursos_cursos1` FOREIGN KEY (`id_curso`) REFERENCES `cursos` (`id_curso`),
  ADD CONSTRAINT `fk_horarios_aulas_has_cursos_horarios_aulas1` FOREIGN KEY (`id_horario__aula`) REFERENCES `horarios_aulas` (`id_horario__aula`);

--
-- Filtros para la tabla `novedades`
--
ALTER TABLE `novedades`
  ADD CONSTRAINT `fk_novedades_aulas1` FOREIGN KEY (`id_aula`) REFERENCES `aulas` (`id_aula`),
  ADD CONSTRAINT `fk_novedades_usuarios1` FOREIGN KEY (`id_usuario`) REFERENCES `usuarios` (`id_usuario`);

--
-- Filtros para la tabla `periodos_docentes`
--
ALTER TABLE `periodos_docentes`
  ADD CONSTRAINT `fk_periodos_docentes_docentes1` FOREIGN KEY (`id_docente`) REFERENCES `docentes` (`id_docente`),
  ADD CONSTRAINT `fk_periodos_has_docentes_periodos1` FOREIGN KEY (`id_periodo`) REFERENCES `periodos` (`id_periodo`);

--
-- Filtros para la tabla `periodos_horarios`
--
ALTER TABLE `periodos_horarios`
  ADD CONSTRAINT `fk_periodos_has_horarios_horarios1` FOREIGN KEY (`id_horario`) REFERENCES `horarios` (`id_horario`),
  ADD CONSTRAINT `fk_periodos_has_horarios_periodos` FOREIGN KEY (`id_periodo`) REFERENCES `periodos` (`id_periodo`);

--
-- Filtros para la tabla `usuarios`
--
ALTER TABLE `usuarios`
  ADD CONSTRAINT `fk_usuarios_perfiles1` FOREIGN KEY (`id_perfil`) REFERENCES `perfiles` (`id_perfil`);
COMMIT;

/*!40101 SET CHARACTER_SET_CLIENT=@OLD_CHARACTER_SET_CLIENT */;
/*!40101 SET CHARACTER_SET_RESULTS=@OLD_CHARACTER_SET_RESULTS */;
/*!40101 SET COLLATION_CONNECTION=@OLD_COLLATION_CONNECTION */;
